vessel_ref_id,name,imo_number,mmsi,flag,owner,operator,vessel_type,loa_m,beam_m,draft_m,gross_tonnage,deadweight_tonnage,engine_power_kw,vessel_age_years,build_year,destination_port,current_port,current_lifecycle_stage,current_lat,current_lon,current_speed_knots,current_heading
VSL-0001,Hapag-Lloyd Leo,1338909,211863794,Germany,Hapag-Lloyd AG,Hapag-Lloyd AG,General Cargo,82.5,13.2,6.38,12812,16153,14047,9.0,2016,PORT_A,PORT_C,At Sea,39.5856,16.5057,14.1,172
VSL-0002,Hapag-Lloyd Endeavor,9593103,229413164,Malta,Hapag-Lloyd AG,Hapag-Lloyd AG,Container,263.6,36.5,12.15,54395,58799,34697,0.5,2024,PORT_F,PORT_C,At Sea,45.8451,14.4483,20.1,136
VSL-0003,PIL Edmonton,5030567,564139537,Singapore,Pacific International Lines,Pacific International Lines,RoRo,182.0,26.7,6.29,31494,16684,19751,2.2,2023,PORT_H,PORT_C,At Sea,44.5085,13.5778,15.2,299
VSL-0004,CMA CGM Britannia,6916691,227848018,France,CMA CGM Group,CMA CGM Group,Bulk Carrier,237.5,39.3,10.17,99772,163582,15533,5.4,2020,PORT_F,PORT_B,At Sea,33.9524,36.4359,13.5,1
VSL-0005,PIL Jade,2528800,564701543,Singapore,Pacific International Lines,Pacific International Lines,Feeder,121.3,20.0,4.79,8507,9879,2250,19.5,2006,PORT_B,PORT_B,At Sea,35.016,23.7713,12.6,64
VSL-0006,NYK Edmonton,4657875,431331509,Japan,Nippon Yusen Kaisha,Nippon Yusen Kaisha,Container,284.6,38.4,13.3,46505,53817,63876,4.4,2021,PORT_D,PORT_A,At Sea,29.3587,27.9317,17.7,117
VSL-0007,OOCL Neptune,3763110,311656670,Bahamas,Orient Overseas Container Line,Orient Overseas Container Line,Container,186.9,26.1,11.98,71415,85062,35366,5.3,2020,PORT_B,PORT_A,At Sea,27.9933,35.0222,18.3,97
VSL-0008,Maersk Horizon,1326774,219602606,Denmark,A.P. Moller-Maersk,A.P. Moller-Maersk,Tanker,183.8,31.6,11.02,60561,105617,54351,0.6,2024,PORT_H,PORT_E,At Sea,35.9774,30.8992,13.4,284
VSL-0009,MSC Poseidon,8820810,636191361,Liberia,Mediterranean Shipping Company,Mediterranean Shipping Company,General Cargo,128.7,18.9,5.95,12619,16528,3877,10.6,2014,PORT_D,PORT_D,Berthed,37.9416,23.6308,0.0,41
VSL-0010,PIL Hamburg,7510793,563183842,Singapore,Pacific International Lines,Pacific International Lines,Bulk Carrier,237.6,37.3,11.14,94450,143956,18170,10.1,2015,PORT_B,PORT_B,Berthed,31.2676,32.2974,0.0,80
VSL-0011,PIL Triumph,4118245,564935348,Singapore,Pacific International Lines,Pacific International Lines,Tanker,252.3,42.8,12.33,108514,180612,51319,6.0,2019,PORT_A,PORT_B,At Sea,35.2492,24.9727,14.7,66
VSL-0012,CMA CGM Sapphire,5982629,226450533,France,CMA CGM Group,CMA CGM Group,General Cargo,106.2,15.6,8.71,24308,34827,9415,0.5,2024,PORT_F,PORT_G,At Sea,24.9715,43.3217,13.2,121
VSL-0013,MOL Felicity,4216073,431375433,Japan,Mitsui O.S.K. Lines,Mitsui O.S.K. Lines,LNG Carrier,342.7,56.2,11.62,131699,70389,50991,10.7,2014,PORT_D,PORT_G,At Sea,28.4873,51.0833,19.5,328
VSL-0014,Ever Leo,9655690,355169340,Panama,Evergreen Marine Corporation,Evergreen Marine Corporation,Tanker,275.5,44.8,18.28,48465,80998,16242,16.8,2008,PORT_A,PORT_D,At Sea,43.0456,26.0415,13.3,340
VSL-0015,NYK Discovery,3662990,432680443,Japan,Nippon Yusen Kaisha,Nippon Yusen Kaisha,Feeder,103.6,16.7,5.99,3620,4223,7300,5.7,2019,PORT_F,PORT_H,At Sea,-1.6011,98.1202,10.1,86
VSL-0016,MOL Odyssey,8037918,432936763,Japan,Mitsui O.S.K. Lines,Mitsui O.S.K. Lines,General Cargo,108.4,16.2,8.32,26674,34918,4400,24.3,2001,PORT_A,PORT_B,At Sea,33.1633,41.8973,12.1,356
VSL-0017,OOCL Victory,9868728,311774348,Bahamas,Orient Overseas Container Line,Orient Overseas Container Line,Tanker,168.5,28.6,11.74,96046,170847,35540,12.9,2012,PORT_D,PORT_E,At Sea,28.5171,26.3184,13.7,276
VSL-0018,MSC Legacy,6909674,636546688,Liberia,Mediterranean Shipping Company,Mediterranean Shipping Company,Container,213.2,29.1,12.3,35280,40351,32269,4.3,2021,PORT_D,PORT_H,At Sea,-2.568,105.4955,18.8,14
VSL-0019,Hapag-Lloyd Poseidon,1627207,218653755,Germany,Hapag-Lloyd AG,Hapag-Lloyd AG,Bulk Carrier,250.3,42.3,12.79,76555,119308,43620,20.2,2005,PORT_G,PORT_E,At Sea,34.6569,24.2635,13.4,9
VSL-0020,COSCO Shipping Odyssey,9232711,412745299,China,China COSCO Shipping Corporation,China COSCO Shipping Corporation,RoRo,106.3,14.9,9.81,16296,8290,9509,25.2,2000,PORT_B,PORT_B,Berthed,31.2656,32.2933,0.0,159
VSL-0021,NYK Savannah,1491907,432865185,Japan,Nippon Yusen Kaisha,Nippon Yusen Kaisha,Container,185.6,26.3,11.87,87734,94049,67992,4.0,2021,PORT_G,PORT_H,At Sea,4.2531,103.1048,18.3,325
VSL-0022,MOL Falcon,6945317,353737996,Panama,Mitsui O.S.K. Lines,Mitsui O.S.K. Lines,Cruise,273.6,36.9,7.46,64659,20700,58478,8.4,2017,PORT_H,PORT_F,At Sea,22.3903,42.8908,21.0,305
VSL-0023,NYK Falcon,7014361,431495788,Japan,Nippon Yusen Kaisha,Nippon Yusen Kaisha,RoRo,133.2,19.6,6.04,43078,24672,9883,10.2,2015,PORT_F,PORT_F,At Sea,20.3069,48.1307,14.8,128
VSL-0024,Ever Rotterdam,1343526,538082400,Marshall Islands,Evergreen Marine Corporation,Evergreen Marine Corporation,Container,338.7,45.6,11.89,94288,112571,67642,9.4,2016,PORT_C,PORT_H,At Sea,4.3069,104.083,17.5,174
VSL-0025,MSC Star,9413183,357699938,Panama,Mediterranean Shipping Company,Mediterranean Shipping Company,Container,191.3,25.4,15.65,67772,79552,61461,4.1,2021,PORT_H,PORT_E,At Sea,40.5509,31.8864,19.0,156
VSL-0026,COSCO Shipping Atlas,2067973,413034471,China,China COSCO Shipping Corporation,China COSCO Shipping Corporation,Tanker,170.2,27.7,19.56,27129,41763,49323,7.9,2017,PORT_E,PORT_D,At Sea,31.9321,21.9124,12.5,72
VSL-0027,NYK Meridian,8877198,431659401,Japan,Nippon Yusen Kaisha,Nippon Yusen Kaisha,Container,216.5,28.9,11.85,94895,112424,49321,2.7,2022,PORT_A,PORT_E,At Sea,30.6086,24.8138,16.2,89
VSL-0028,ONE Zenith,5125673,564680715,Singapore,Ocean Network Express,Ocean Network Express,Tanker,270.8,45.1,19.08,34697,53506,41339,8.1,2017,PORT_B,PORT_G,At Sea,29.8403,45.5694,15.8,236
VSL-0029,Ever Crown,1093248,538861317,Marshall Islands,Evergreen Marine Corporation,Evergreen Marine Corporation,Bulk Carrier,178.1,27.9,10.17,79297,123878,35016,11.4,2014,PORT_C,PORT_C,Berthed,44.41,8.9343,0.0,260
VSL-0030,NYK Spirit,4658403,432499727,Japan,Nippon Yusen Kaisha,Nippon Yusen Kaisha,RoRo,149.9,21.4,7.93,25472,14232,18049,1.2,2024,PORT_F,PORT_F,At Sea,14.249,37.1535,16.0,233
VSL-0031,Yang Ming Shanghai,6270281,355517187,Panama,Yang Ming Marine Transport Corp,Yang Ming Marine Transport Corp,Feeder,120.9,19.0,6.94,5104,5947,3680,15.5,2010,PORT_C,PORT_G,At Sea,35.5291,53.0504,13.1,135
VSL-0032,NYK Busan,8091342,431161172,Japan,Nippon Yusen Kaisha,Nippon Yusen Kaisha,Bulk Carrier,253.9,40.5,11.9,87400,131496,44093,15.7,2009,PORT_A,PORT_A,At Sea,36.1211,31.7309,14.3,183
VSL-0033,OOCL Jacques Saadé,7923744,477407482,Hong Kong,Orient Overseas Container Line,Orient Overseas Container Line,Bulk Carrier,171.8,26.5,11.19,63103,103613,41700,1.5,2024,PORT_F,PORT_E,At Sea,22.5116,36.3911,14.0,101
VSL-0034,PIL Meridian,4909747,564339421,Singapore,Pacific International Lines,Pacific International Lines,VLCC,368.3,64.8,18.43,110509,178598,81537,2.8,2022,PORT_A,PORT_A,Anchored,31.1809,29.9141,0.0,296
VSL-0035,ONE Amber,2474516,564123685,Singapore,Ocean Network Express,Ocean Network Express,Bulk Carrier,169.7,28.2,13.46,42771,70288,26620,1.8,2023,PORT_G,PORT_A,At Sea,34.5132,33.175,15.9,188
VSL-0036,ZIM Victory,1746120,428047113,Israel,ZIM Integrated Shipping Services,ZIM Integrated Shipping Services,General Cargo,147.2,22.0,7.92,33784,42142,17104,0.9,2024,PORT_C,PORT_C,Approaching,43.8818,9.4853,8.5,276
VSL-0037,MSC Edmonton,3773517,637850643,Liberia,Mediterranean Shipping Company,Mediterranean Shipping Company,Bulk Carrier,261.3,41.8,8.93,50265,83539,13960,5.4,2020,PORT_H,PORT_H,Cargo Operations,1.2818,103.8442,0.0,327
VSL-0038,COSCO Shipping Poseidon,3529045,412284210,China,China COSCO Shipping Corporation,China COSCO Shipping Corporation,General Cargo,82.1,12.1,8.93,13524,19032,4888,6.7,2018,PORT_F,PORT_D,At Sea,45.7898,24.4209,12.3,135
VSL-0039,ZIM Vanguard,8470079,428617711,Israel,ZIM Integrated Shipping Services,ZIM Integrated Shipping Services,Container,343.2,47.7,13.16,94566,101948,44859,12.0,2013,PORT_C,PORT_B,At Sea,28.9436,30.0034,16.3,195
VSL-0040,MOL Emerald,6736572,432615654,Japan,Mitsui O.S.K. Lines,Mitsui O.S.K. Lines,VLCC,342.4,61.1,19.81,128434,230187,65950,9.7,2015,PORT_C,PORT_H,At Sea,2.6029,101.5236,11.9,47
VSL-0041,Hapag-Lloyd Navigator,9494515,229273158,Malta,Hapag-Lloyd AG,Hapag-Lloyd AG,Tanker,286.6,48.1,13.1,29970,50796,17699,25.1,2000,PORT_E,PORT_D,At Sea,43.6095,15.315,15.1,314
VSL-0042,ONE Navigator,2296122,431183667,Japan,Ocean Network Express,Ocean Network Express,General Cargo,135.7,20.4,8.04,28024,39421,13402,0.5,2024,PORT_F,PORT_E,At Sea,31.5166,23.4647,12.7,290
VSL-0043,OOCL Crown,4381567,308497840,Bahamas,Orient Overseas Container Line,Orient Overseas Container Line,General Cargo,168.3,25.7,5.78,31405,41881,3746,0.7,2024,PORT_A,PORT_A,At Sea,35.0079,28.5578,13.2,148
VSL-0044,MOL Navigator,6060715,432969664,Japan,Mitsui O.S.K. Lines,Mitsui O.S.K. Lines,Bulk Carrier,151.2,24.4,12.48,29934,48872,25208,9.7,2015,PORT_A,PORT_F,At Sea,25.0091,37.978,12.0,235
VSL-0045,Ever Singapore,3521811,538552312,Marshall Islands,Evergreen Marine Corporation,Evergreen Marine Corporation,LNG Carrier,337.4,56.4,10.18,129113,63480,59732,7.1,2018,PORT_C,PORT_C,At Sea,39.0382,0.971,19.5,252
VSL-0046,PIL Victory,7177448,563581477,Singapore,Pacific International Lines,Pacific International Lines,Tanker,255.8,44.7,15.37,80664,129331,54692,8.2,2017,PORT_F,PORT_E,At Sea,31.7903,30.4656,15.3,46
VSL-0047,PIL Odyssey,9782077,563518203,Singapore,Pacific International Lines,Pacific International Lines,General Cargo,130.7,20.0,7.31,24401,34574,14877,18.1,2007,PORT_H,PORT_C,At Sea,49.3158,6.1496,11.1,347
VSL-0048,PIL Atlantic,5192547,564291486,Singapore,Pacific International Lines,Pacific International Lines,General Cargo,158.9,23.9,8.24,7306,10216,4417,9.1,2016,PORT_F,PORT_C,At Sea,48.5519,1.2779,13.8,350
VSL-0049,MOL Pearl,3221411,431592962,Japan,Mitsui O.S.K. Lines,Mitsui O.S.K. Lines,Cruise,215.0,30.0,9.01,111188,32512,35820,3.0,2022,PORT_C,PORT_H,At Sea,-0.3135,105.685,20.4,312
VSL-0050,ONE Jacques Saadé,7468861,563392407,Singapore,Ocean Network Express,Ocean Network Express,Bulk Carrier,262.3,42.2,10.69,60390,98623,22378,13.2,2012,PORT_B,PORT_B,Approaching,30.1121,32.1849,7.1,63
VSL-0051,Yang Ming Navigator,6068535,416153051,Taiwan,Yang Ming Marine Transport Corp,Yang Ming Marine Transport Corp,Bulk Carrier,264.5,44.6,9.64,91951,136185,15893,4.6,2020,PORT_F,PORT_C,At Sea,43.6347,12.2158,14.6,71
VSL-0052,OOCL Amber,1434105,308697117,Bahamas,Orient Overseas Container Line,Orient Overseas Container Line,RoRo,156.3,22.2,8.46,41516,24442,8418,1.9,2023,PORT_A,PORT_D,At Sea,35.5846,32.5183,14.6,0
VSL-0053,ZIM Santos,6706541,428515319,Israel,ZIM Integrated Shipping Services,ZIM Integrated Shipping Services,General Cargo,104.1,15.3,7.08,28252,38299,4284,29.4,1996,PORT_F,PORT_C,At Sea,42.068,8.2334,12.4,350
VSL-0054,MSC Santos,8548682,353034505,Panama,Mediterranean Shipping Company,Mediterranean Shipping Company,Tanker,278.2,46.2,15.95,92657,147831,17839,12.0,2013,PORT_F,PORT_G,At Sea,24.552,44.1748,13.1,197
VSL-0055,Hapag-Lloyd Atlantic,8451152,218479627,Germany,Hapag-Lloyd AG,Hapag-Lloyd AG,Bulk Carrier,178.0,27.5,12.15,46224,70782,41891,2.5,2022,PORT_A,PORT_F,At Sea,14.0129,42.419,12.8,29
VSL-0056,MOL Crown,2135562,431927557,Japan,Mitsui O.S.K. Lines,Mitsui O.S.K. Lines,Container,320.3,42.9,12.18,100109,117107,54611,24.4,2001,PORT_C,PORT_F,At Sea,17.9615,34.3515,15.9,127
VSL-0057,COSCO Shipping Pacific,7312177,477715518,Hong Kong,China COSCO Shipping Corporation,China COSCO Shipping Corporation,Feeder,61.8,10.1,4.56,8730,10818,7394,1.0,2024,PORT_E,PORT_C,At Sea,52.5939,4.9096,10.8,260
VSL-0058,ZIM Spirit,1467865,428912517,Israel,ZIM Integrated Shipping Services,ZIM Integrated Shipping Services,Container,396.7,55.5,14.75,43673,49962,45713,3.6,2021,PORT_F,PORT_C,At Sea,46.4474,-1.6553,16.5,327
VSL-0059,CMA CGM Victory,5841435,228842498,France,CMA CGM Group,CMA CGM Group,General Cargo,156.8,24.2,5.65,22600,29554,16023,14.2,2011,PORT_C,PORT_C,At Sea,41.7766,6.3138,13.3,288
VSL-0060,OOCL Britannia,7844730,477471027,Hong Kong,Orient Overseas Container Line,Orient Overseas Container Line,Container,370.0,49.9,10.49,114854,133607,59009,2.5,2022,PORT_H,PORT_D,At Sea,41.2865,27.8805,17.4,163
VSL-0061,COSCO Shipping Star,3469635,413953278,China,China COSCO Shipping Corporation,China COSCO Shipping Corporation,RoRo,203.3,29.4,9.9,12838,7023,16151,6.6,2018,PORT_E,PORT_H,At Sea,3.3909,103.0971,13.2,110
VSL-0062,Maersk Apex,4565060,219983584,Denmark,A.P. Moller-Maersk,A.P. Moller-Maersk,General Cargo,84.9,12.8,6.41,25913,32230,15642,8.9,2016,PORT_H,PORT_E,At Sea,22.6403,25.3805,12.6,312
VSL-0063,ZIM Meridian,8025783,428982595,Israel,ZIM Integrated Shipping Services,ZIM Integrated Shipping Services,Container,394.5,56.2,12.36,99489,108903,38276,22.4,2003,PORT_E,PORT_F,At Sea,14.43,38.7486,16.0,243
VSL-0064,MSC Atlantic,4993097,637289623,Liberia,Mediterranean Shipping Company,Mediterranean Shipping Company,Car Carrier,149.5,23.2,9.35,49236,22823,24592,12.7,2012,PORT_B,PORT_D,At Sea,37.087,25.6564,16.7,77
VSL-0065,ZIM Legacy,7865277,538854973,Marshall Islands,ZIM Integrated Shipping Services,ZIM Integrated Shipping Services,Bulk Carrier,180.6,29.8,11.01,66975,107229,28864,15.1,2010,PORT_E,PORT_E,Berthed,29.9712,32.5445,0.0,152
VSL-0066,Ever Voyager,6524046,538574733,Marshall Islands,Evergreen Marine Corporation,Evergreen Marine Corporation,Car Carrier,176.4,27.9,9.38,30582,14250,21995,6.6,2018,PORT_E,PORT_E,At Sea,27.4496,30.3088,16.2,342
VSL-0067,ZIM Phoenix,7734545,538193802,Marshall Islands,ZIM Integrated Shipping Services,ZIM Integrated Shipping Services,Cruise,236.1,32.1,7.7,54027,15268,49863,5.1,2020,PORT_C,PORT_A,At Sea,21.6493,37.1384,20.5,253
VSL-0068,ONE Discovery,8872875,564315274,Singapore,Ocean Network Express,Ocean Network Express,Container,344.8,48.4,15.23,48946,60147,23798,2.8,2022,PORT_A,PORT_F,At Sea,12.4673,35.0869,17.9,327
VSL-0069,COSCO Shipping Istanbul,6374544,477453017,Hong Kong,China COSCO Shipping Corporation,China COSCO Shipping Corporation,Cruise,332.3,42.7,8.55,52143,15201,65116,1.6,2023,PORT_G,PORT_E,At Sea,24.2397,25.7364,20.3,151
VSL-0070,Yang Ming Busan,3918789,416191088,Taiwan,Yang Ming Marine Transport Corp,Yang Ming Marine Transport Corp,Bulk Carrier,183.1,29.2,13.74,55645,89037,28199,35.0,1990,PORT_C,PORT_C,At Sea,39.1719,8.2569,13.5,298
VSL-0071,PIL Valencia,2640397,563651801,Singapore,Pacific International Lines,Pacific International Lines,Tanker,312.8,52.5,13.9,23118,38504,20937,4.3,2021,PORT_H,PORT_H,Departing,1.2806,103.8482,0.0,69
VSL-0072,PIL Felicity,5128687,563300478,Singapore,Pacific International Lines,Pacific International Lines,RoRo,217.4,33.2,8.58,23553,13797,29842,3.9,2021,PORT_G,PORT_D,At Sea,35.3977,27.3229,16.3,141
VSL-0073,COSCO Shipping Legacy,1907906,412067383,China,China COSCO Shipping Corporation,China COSCO Shipping Corporation,Container,372.5,54.0,14.59,23221,28366,53689,7.6,2017,PORT_A,PORT_C,At Sea,42.6911,15.7558,18.4,163
VSL-0074,Ever Horizon,6870562,357856624,Panama,Evergreen Marine Corporation,Evergreen Marine Corporation,Tanker,291.3,48.7,18.0,39795,64754,54431,34.0,1991,PORT_H,PORT_D,At Sea,34.6512,33.6047,11.5,73
VSL-0075,PIL Endeavor,5183041,564990139,Singapore,Pacific International Lines,Pacific International Lines,Car Carrier,193.2,28.5,9.12,48775,20907,23932,1.2,2024,PORT_D,PORT_H,At Sea,4.7009,101.5951,16.2,108
VSL-0076,COSCO Shipping Emerald,4678544,477587717,Hong Kong,China COSCO Shipping Corporation,China COSCO Shipping Corporation,Feeder,127.3,20.4,4.35,14994,17142,4352,2.2,2023,PORT_F,PORT_D,At Sea,33.0473,26.5781,14.0,288
VSL-0077,COSCO Shipping Constellation,7854773,413252287,China,China COSCO Shipping Corporation,China COSCO Shipping Corporation,LNG Carrier,320.4,52.3,10.03,108731,51723,73361,10.2,2015,PORT_A,PORT_A,At Sea,40.4779,34.5983,18.8,3
VSL-0078,PIL Pacific,7008867,563084840,Singapore,Pacific International Lines,Pacific International Lines,Bulk Carrier,276.4,44.0,9.39,75109,118614,10365,5.6,2019,PORT_G,PORT_C,At Sea,46.9349,10.6766,13.5,76
VSL-0079,COSCO Shipping Edmonton,4101668,413870021,China,China COSCO Shipping Corporation,China COSCO Shipping Corporation,Container,316.4,46.0,11.51,55444,63342,60156,0.7,2024,PORT_G,PORT_F,At Sea,26.2957,33.2169,19.0,21
VSL-0080,ZIM Neptune,2503927,428142939,Israel,ZIM Integrated Shipping Services,ZIM Integrated Shipping Services,Container,378.3,53.5,14.15,76678,85081,35012,20.6,2004,PORT_G,PORT_F,At Sea,21.1141,33.3537,18.1,352
VSL-0081,OOCL Meridian,9477359,309629619,Bahamas,Orient Overseas Container Line,Orient Overseas Container Line,RoRo,160.1,23.2,9.9,9986,5729,17615,14.6,2010,PORT_D,PORT_B,At Sea,32.8567,34.6249,15.2,199
VSL-0082,Yang Ming Emerald,1015818,355956046,Panama,Yang Ming Marine Transport Corp,Yang Ming Marine Transport Corp,Bulk Carrier,166.0,25.8,8.03,41202,60669,24396,2.5,2022,PORT_B,PORT_D,At Sea,41.6767,30.395,12.5,194
VSL-0083,ONE Unity,7993713,431406596,Japan,Ocean Network Express,Ocean Network Express,Container,239.2,32.6,11.61,34593,41581,30025,2.6,2022,PORT_F,PORT_H,At Sea,3.4283,98.9488,19.6,69
VSL-0084,PIL Pearl,5646512,563982807,Singapore,Pacific International Lines,Pacific International Lines,Bulk Carrier,240.5,38.1,12.17,55715,89604,17105,4.1,2021,PORT_D,PORT_D,Berthed,37.9388,23.6358,0.0,354
VSL-0085,Hapag-Lloyd Santos,1797961,256805891,Malta,Hapag-Lloyd AG,Hapag-Lloyd AG,Container,366.5,49.6,14.77,87297,94836,28680,2.9,2022,PORT_D,PORT_F,At Sea,18.707,36.7977,15.8,288
VSL-0086,ZIM Singapore,7567980,428507146,Israel,ZIM Integrated Shipping Services,ZIM Integrated Shipping Services,VLCC,354.2,58.1,19.6,140214,235903,117943,4.5,2020,PORT_B,PORT_B,Berthing,31.2523,32.3088,0.0,72
VSL-0087,Maersk Endurance,1051238,219825867,Denmark,A.P. Moller-Maersk,A.P. Moller-Maersk,Bulk Carrier,201.5,33.2,12.71,59294,91206,23932,0.8,2024,PORT_G,PORT_C,At Sea,42.2848,5.7031,12.7,101
VSL-0088,MOL Sapphire,5537149,432859696,Japan,Mitsui O.S.K. Lines,Mitsui O.S.K. Lines,Tanker,233.0,40.0,9.05,37761,63077,27525,9.7,2015,PORT_F,PORT_F,At Sea,13.751,32.1502,14.7,344
VSL-0089,NYK Star,6929662,431782827,Japan,Nippon Yusen Kaisha,Nippon Yusen Kaisha,RoRo,135.7,19.6,8.46,11135,5814,10946,1.0,2024,PORT_C,PORT_F,At Sea,13.8679,32.0753,17.6,248
VSL-0090,Yang Ming Phoenix,9034042,416842797,Taiwan,Yang Ming Marine Transport Corp,Yang Ming Marine Transport Corp,Container,359.3,49.5,15.78,70543,85536,45758,9.2,2016,PORT_B,PORT_B,At Sea,26.7517,31.0482,15.9,187
VSL-0091,COSCO Shipping Endurance,7451715,412395962,China,China COSCO Shipping Corporation,China COSCO Shipping Corporation,Tanker,288.7,49.3,17.36,58605,99076,24834,4.4,2021,PORT_D,PORT_D,At Sea,28.8445,19.3548,12.5,86
VSL-0092,MOL Santos,6422327,357367294,Panama,Mitsui O.S.K. Lines,Mitsui O.S.K. Lines,Bulk Carrier,255.6,42.0,9.74,37724,54685,44320,33.9,1991,PORT_G,PORT_H,At Sea,2.052,101.2023,12.7,47
VSL-0093,NYK Endeavor,5186366,431745458,Japan,Nippon Yusen Kaisha,Nippon Yusen Kaisha,Bulk Carrier,262.5,42.7,12.17,89571,147030,28187,5.4,2020,PORT_H,PORT_F,At Sea,22.3316,28.2709,15.2,235
VSL-0094,PIL Endurance,4154158,563064361,Singapore,Pacific International Lines,Pacific International Lines,Container,384.5,56.0,10.95,65651,80444,69608,4.5,2020,PORT_A,PORT_D,At Sea,42.4887,28.6516,18.3,115
VSL-0095,Maersk Rotterdam,1554266,219218909,Denmark,A.P. Moller-Maersk,A.P. Moller-Maersk,Tanker,235.7,40.0,9.09,49608,81561,20426,15.7,2009,PORT_H,PORT_F,At Sea,15.0949,32.5324,14.1,351
VSL-0096,MOL Spirit,4138996,432043898,Japan,Mitsui O.S.K. Lines,Mitsui O.S.K. Lines,Tanker,196.9,32.3,18.86,30881,50378,20542,10.5,2014,PORT_G,PORT_E,At Sea,31.7536,24.2784,14.5,122
VSL-0097,CMA CGM Constellation,5827104,538043006,Marshall Islands,CMA CGM Group,CMA CGM Group,Tanker,179.2,31.3,14.5,72641,128179,38772,30.4,1995,PORT_G,PORT_G,At Sea,32.8454,59.5245,11.7,142
VSL-0098,PIL Jacques Saadé,4630310,564179904,Singapore,Pacific International Lines,Pacific International Lines,Container,197.4,27.7,15.53,117431,140733,29458,3.2,2022,PORT_C,PORT_B,At Sea,32.6441,33.9146,17.6,5
VSL-0099,Maersk Yokohama,5648144,219778507,Denmark,A.P. Moller-Maersk,A.P. Moller-Maersk,Container,389.7,52.1,13.14,98298,118127,56596,1.5,2024,PORT_C,PORT_C,Approaching,44.3862,9.6708,11.3,59
VSL-0100,MSC Emerald,3536543,636951802,Liberia,Mediterranean Shipping Company,Mediterranean Shipping Company,Container,291.9,40.1,10.26,106292,115392,33738,5.1,2020,PORT_A,PORT_G,At Sea,22.3852,55.6451,18.6,144
VSL-0101,COSCO Shipping Eagle,9738325,477603850,Hong Kong,China COSCO Shipping Corporation,China COSCO Shipping Corporation,Car Carrier,144.9,22.6,8.17,29356,13717,19222,2.8,2022,PORT_A,PORT_A,Berthed,31.2052,29.9175,0.0,157
VSL-0102,COSCO Shipping Amber,5719187,477619906,Hong Kong,China COSCO Shipping Corporation,China COSCO Shipping Corporation,Container,296.6,42.1,11.43,69202,74400,24874,35.0,1990,PORT_C,PORT_D,At Sea,40.8528,19.6789,17.8,167
VSL-0103,Yang Ming Victory,1853741,354411249,Panama,Yang Ming Marine Transport Corp,Yang Ming Marine Transport Corp,Bulk Carrier,190.8,29.7,8.45,32230,47274,41197,7.0,2018,PORT_F,PORT_C,At Sea,44.4426,11.8419,13.3,182
VSL-0104,ZIM Liberty,7121009,428236519,Israel,ZIM Integrated Shipping Services,ZIM Integrated Shipping Services,Bulk Carrier,157.3,26.3,9.79,84707,132471,16954,24.3,2001,PORT_B,PORT_A,At Sea,35.06,41.2523,12.2,47
VSL-0105,Hapag-Lloyd Pearl,6625321,218472099,Germany,Hapag-Lloyd AG,Hapag-Lloyd AG,Cruise,332.7,44.7,7.99,45977,14503,55744,1.5,2024,PORT_E,PORT_H,At Sea,-4.5222,101.9337,19.5,31
VSL-0106,MSC Constellation,7875985,637642059,Liberia,Mediterranean Shipping Company,Mediterranean Shipping Company,Container,264.3,38.5,12.52,84265,97582,60265,2.3,2023,PORT_E,PORT_A,At Sea,21.2727,31.7051,17.1,119
VSL-0107,COSCO Shipping Neptune,5223956,477905992,Hong Kong,China COSCO Shipping Corporation,China COSCO Shipping Corporation,VLCC,308.0,50.7,20.63,101322,191396,108977,19.9,2005,PORT_D,PORT_H,At Sea,4.636,110.4741,13.4,19
VSL-0108,NYK Atlas,9029217,432156915,Japan,Nippon Yusen Kaisha,Nippon Yusen Kaisha,Container,231.2,31.2,11.31,72644,78602,22032,20.0,2005,PORT_C,PORT_C,At Sea,35.8104,12.5321,16.7,162
VSL-0109,CMA CGM Atlas,9690298,227939172,France,CMA CGM Group,CMA CGM Group,Container,393.1,55.1,14.16,112884,123073,59775,2.0,2023,PORT_B,PORT_D,At Sea,35.6268,28.5947,17.1,325
VSL-0110,Maersk Navigator,1006764,563676586,Singapore,A.P. Moller-Maersk,A.P. Moller-Maersk,Cruise,214.2,27.9,9.13,129474,37286,74899,4.7,2020,PORT_H,PORT_D,At Sea,41.1845,25.2602,21.3,163
VSL-0111,ONE Atlantic,1629621,563533688,Singapore,Ocean Network Express,Ocean Network Express,Bulk Carrier,165.7,27.9,10.05,90474,150961,16436,0.6,2024,PORT_E,PORT_E,At Sea,34.1344,33.8926,13.3,292
VSL-0112,Maersk Glory,2417142,220774186,Denmark,A.P. Moller-Maersk,A.P. Moller-Maersk,Tanker,243.5,41.1,9.6,18351,30184,18943,13.9,2011,PORT_G,PORT_F,At Sea,25.2049,40.2496,12.9,137
VSL-0113,MSC Savannah,8687933,637416089,Liberia,Mediterranean Shipping Company,Mediterranean Shipping Company,Tanker,185.7,30.7,16.66,26896,46199,45066,13.2,2012,PORT_C,PORT_C,Anchored,44.372,8.9557,0.0,88
VSL-0114,PIL Star,5116866,564487099,Singapore,Pacific International Lines,Pacific International Lines,Feeder,71.7,11.6,4.64,4505,5148,1298,0.7,2024,PORT_G,PORT_B,At Sea,34.9276,37.2298,12.3,301
VSL-0115,Hapag-Lloyd Unity,7997020,248629960,Malta,Hapag-Lloyd AG,Hapag-Lloyd AG,General Cargo,176.5,28.2,5.5,8697,12455,14693,12.3,2013,PORT_F,PORT_D,At Sea,35.4772,24.0266,12.5,172
VSL-0116,NYK Crown,4691376,431678508,Japan,Nippon Yusen Kaisha,Nippon Yusen Kaisha,Car Carrier,144.2,22.7,8.56,30681,12999,27404,0.8,2024,PORT_B,PORT_E,At Sea,22.4994,37.7386,17.9,268
VSL-0117,NYK Odyssey,5786104,431579727,Japan,Nippon Yusen Kaisha,Nippon Yusen Kaisha,LNG Carrier,252.8,41.9,10.39,128305,68443,83479,2.3,2023,PORT_F,PORT_F,At Sea,24.3552,36.9428,18.9,145
VSL-0118,PIL Zenith,4722905,564944665,Singapore,Pacific International Lines,Pacific International Lines,Container,190.9,25.8,15.12,97983,107393,32287,2.0,2023,PORT_D,PORT_H,At Sea,-3.6893,103.2007,16.4,319
VSL-0119,Ever Jacques Saadé,7154549,353432830,Panama,Evergreen Marine Corporation,Evergreen Marine Corporation,Bulk Carrier,165.3,27.1,11.07,71300,112443,43731,3.8,2021,PORT_G,PORT_F,At Sea,19.9094,30.5154,11.9,132
VSL-0120,PIL Sapphire,5842829,564172482,Singapore,Pacific International Lines,Pacific International Lines,Cruise,264.7,34.7,9.21,121623,37733,79763,13.5,2012,PORT_F,PORT_F,Berthed,21.4931,39.1744,0.0,114
VSL-0121,PIL Poseidon,7381685,564602235,Singapore,Pacific International Lines,Pacific International Lines,RoRo,136.9,20.8,9.15,20258,11089,13732,2.8,2022,PORT_H,PORT_C,At Sea,43.3047,3.8858,13.1,41
VSL-0122,MOL Phoenix,1296668,354760083,Panama,Mitsui O.S.K. Lines,Mitsui O.S.K. Lines,Tanker,267.3,45.7,10.95,76373,119334,15212,2.6,2022,PORT_A,PORT_F,At Sea,12.1029,37.326,14.0,127
VSL-0123,Ever Eagle,6257538,538603323,Marshall Islands,Evergreen Marine Corporation,Evergreen Marine Corporation,Container,372.9,49.5,11.87,30270,32280,46160,2.9,2022,PORT_C,PORT_B,At Sea,27.9452,27.7049,17.9,19
VSL-0124,Maersk Zenith,6184729,563046184,Singapore,A.P. Moller-Maersk,A.P. Moller-Maersk,Bulk Carrier,246.0,38.1,12.63,67966,111013,33756,0.5,2024,PORT_C,PORT_G,At Sea,33.1572,61.3726,13.9,58
VSL-0125,CMA CGM Leo,3753000,538197218,Marshall Islands,CMA CGM Group,CMA CGM Group,Car Carrier,159.8,23.9,9.22,41562,18433,30787,28.9,1996,PORT_B,PORT_E,At Sea,21.8365,34.8163,15.6,151
VSL-0126,Maersk Triumph,5225576,219552166,Denmark,A.P. Moller-Maersk,A.P. Moller-Maersk,Bulk Carrier,157.5,25.9,12.88,89301,136778,44089,3.6,2021,PORT_E,PORT_E,Berthed,29.9767,32.5538,0.0,244
VSL-0127,Yang Ming Valencia,2965905,357277167,Panama,Yang Ming Marine Transport Corp,Yang Ming Marine Transport Corp,Car Carrier,171.9,27.2,9.59,16296,6934,27404,0.5,2024,PORT_E,PORT_F,At Sea,22.9274,37.6168,15.4,289
VSL-0128,PIL Constellation,8900282,564721753,Singapore,Pacific International Lines,Pacific International Lines,Container,390.3,53.8,15.24,71909,85694,55035,7.7,2017,PORT_E,PORT_A,At Sea,24.4835,27.7145,17.5,193
VSL-0129,Yang Ming Singapore,1660883,416199488,Taiwan,Yang Ming Marine Transport Corp,Yang Ming Marine Transport Corp,Bulk Carrier,185.2,29.7,10.75,83107,120957,27923,15.5,2010,PORT_H,PORT_F,At Sea,26.799,41.0641,13.7,286
VSL-0130,ONE Savannah,8851027,564261493,Singapore,Ocean Network Express,Ocean Network Express,RoRo,172.0,25.7,8.87,21441,10853,17955,0.8,2024,PORT_G,PORT_D,At Sea,39.2287,17.1972,17.1,173
VSL-0131,Yang Ming Istanbul,8697823,416216995,Taiwan,Yang Ming Marine Transport Corp,Yang Ming Marine Transport Corp,Container,271.2,37.5,15.56,103746,122333,50262,11.8,2013,PORT_G,PORT_G,At Sea,35.1966,49.114,17.7,175
VSL-0132,ONE Shanghai,3394529,431885158,Japan,Ocean Network Express,Ocean Network Express,VLCC,336.2,56.8,18.53,113019,204160,102000,11.0,2014,PORT_G,PORT_E,At Sea,20.4512,37.5986,11.9,6
VSL-0133,Ever Star,4380575,351983863,Panama,Evergreen Marine Corporation,Evergreen Marine Corporation,Tanker,164.3,26.5,10.6,79663,126956,23995,11.1,2014,PORT_E,PORT_A,At Sea,22.6316,37.233,16.3,160
VSL-0134,PIL Shanghai,9893345,564212281,Singapore,Pacific International Lines,Pacific International Lines,Feeder,63.8,10.1,6.23,4640,5323,7081,15.8,2009,PORT_G,PORT_E,At Sea,35.147,38.0675,10.8,299
VSL-0135,Yang Ming Santos,1583281,351826886,Panama,Yang Ming Marine Transport Corp,Yang Ming Marine Transport Corp,LNG Carrier,250.5,42.2,10.93,135624,70781,51597,21.1,2004,PORT_D,PORT_D,At Sea,33.7303,31.1774,17.7,316
VSL-0136,OOCL Pacific,9561643,477085887,Hong Kong,Orient Overseas Container Line,Orient Overseas Container Line,Tanker,329.4,54.6,18.06,108264,190197,15396,8.8,2016,PORT_E,PORT_D,At Sea,42.4621,26.2135,16.1,49
VSL-0137,Hapag-Lloyd Savannah,3861209,218501102,Germany,Hapag-Lloyd AG,Hapag-Lloyd AG,Container,390.4,55.7,13.23,20733,25235,25142,8.9,2016,PORT_B,PORT_D,At Sea,28.6492,29.7318,16.8,161
VSL-0138,ZIM Triumph,4914766,538072832,Marshall Islands,ZIM Integrated Shipping Services,ZIM Integrated Shipping Services,Container,328.1,46.0,13.21,84142,99873,51680,11.3,2014,PORT_E,PORT_C,At Sea,48.1866,5.683,18.0,331
VSL-0139,COSCO Shipping Singapore,3682225,477943129,Hong Kong,China COSCO Shipping Corporation,China COSCO Shipping Corporation,Bulk Carrier,292.4,47.6,11.32,62180,96952,14929,0.5,2024,PORT_H,PORT_H,Approaching,2.2522,104.3262,8.2,101
VSL-0140,ONE Pearl,5949299,564562053,Singapore,Ocean Network Express,Ocean Network Express,RoRo,158.5,23.6,7.32,12743,7457,22420,0.8,2024,PORT_G,PORT_E,At Sea,36.8823,40.3219,15.3,169
VSL-0141,COSCO Shipping Unity,1080992,413930848,China,China COSCO Shipping Corporation,China COSCO Shipping Corporation,LNG Carrier,294.0,49.5,10.72,91383,48190,72066,1.5,2024,PORT_H,PORT_H,Anchored,1.3054,103.8149,0.0,200
VSL-0142,PIL Liberty,8272295,563750373,Singapore,Pacific International Lines,Pacific International Lines,Container,349.9,48.1,14.4,49099,56483,44305,5.7,2019,PORT_F,PORT_D,At Sea,38.5914,25.9791,18.6,240
VSL-0143,NYK Unity,6659188,432638655,Japan,Nippon Yusen Kaisha,Nippon Yusen Kaisha,Cruise,341.0,46.1,7.12,130793,37816,39645,27.6,1997,PORT_H,PORT_A,At Sea,35.7086,35.2986,19.7,84
VSL-0144,Hapag-Lloyd Valencia,1777399,229603029,Malta,Hapag-Lloyd AG,Hapag-Lloyd AG,Container,293.2,42.0,11.68,35024,41316,29553,7.4,2018,PORT_C,PORT_A,At Sea,37.7841,38.6167,18.9,264
VSL-0145,Yang Ming Atlantic,7236921,357929842,Panama,Yang Ming Marine Transport Corp,Yang Ming Marine Transport Corp,Feeder,102.0,15.8,5.69,2242,2512,6036,8.7,2016,PORT_F,PORT_H,At Sea,8.5217,107.189,13.7,193
VSL-0146,Yang Ming Pacific,8811728,416686508,Taiwan,Yang Ming Marine Transport Corp,Yang Ming Marine Transport Corp,Bulk Carrier,166.3,25.9,9.21,88065,127684,30174,4.4,2021,PORT_H,PORT_G,At Sea,26.8625,49.8759,15.5,294
VSL-0147,NYK Singapore,9818060,431565126,Japan,Nippon Yusen Kaisha,Nippon Yusen Kaisha,Container,209.5,30.2,12.86,43251,49012,63234,2.7,2022,PORT_E,PORT_E,At Sea,20.6138,37.4243,16.9,187
VSL-0148,Yang Ming Unity,9562130,354213865,Panama,Yang Ming Marine Transport Corp,Yang Ming Marine Transport Corp,General Cargo,179.2,26.7,6.99,12129,16529,11281,6.5,2018,PORT_A,PORT_C,At Sea,40.5386,4.4897,13.4,241
VSL-0149,OOCL Hamburg,9027702,308843098,Bahamas,Orient Overseas Container Line,Orient Overseas Container Line,Feeder,90.5,14.2,4.19,4883,6314,1560,0.5,2024,PORT_D,PORT_C,At Sea,38.8498,15.6736,10.2,335
VSL-0150,NYK Shanghai,1848954,432439376,Japan,Nippon Yusen Kaisha,Nippon Yusen Kaisha,Container,214.6,30.1,15.98,97967,112982,38950,4.0,2021,PORT_E,PORT_C,At Sea,49.1729,12.6952,18.6,59
VSL-0151,MOL Liberty,7790719,353163356,Panama,Mitsui O.S.K. Lines,Mitsui O.S.K. Lines,Car Carrier,196.5,31.2,9.75,42899,19500,24372,9.5,2016,PORT_A,PORT_A,Berthed,31.204,29.9153,0.0,147
VSL-0152,Ever Atlas,7333432,352339521,Panama,Evergreen Marine Corporation,Evergreen Marine Corporation,Container,328.2,44.9,14.93,27602,33745,66707,5.2,2020,PORT_B,PORT_H,At Sea,2.0174,95.7443,18.2,277
VSL-0153,CMA CGM Busan,6392089,538780856,Marshall Islands,CMA CGM Group,CMA CGM Group,Feeder,119.4,19.1,5.11,6100,7056,7286,17.0,2008,PORT_C,PORT_C,Approaching,45.0273,9.5124,6.8,4
VSL-0154,ONE Pathfinder,7636559,432472929,Japan,Ocean Network Express,Ocean Network Express,Container,226.4,31.6,13.49,52543,57883,51413,2.4,2023,PORT_B,PORT_E,At Sea,20.53,29.1286,17.8,195
VSL-0155,PIL Amber,7448902,564120347,Singapore,Pacific International Lines,Pacific International Lines,Container,356.0,47.6,14.43,67298,82263,22467,4.4,2021,PORT_B,PORT_H,At Sea,0.7106,113.2781,17.1,131
VSL-0156,MOL Discovery,5877161,355472256,Panama,Mitsui O.S.K. Lines,Mitsui O.S.K. Lines,Bulk Carrier,211.8,34.7,10.11,72764,113478,34223,6.9,2018,PORT_G,PORT_B,At Sea,29.7112,34.6219,14.8,160
VSL-0157,Yang Ming Zenith,2023410,416261117,Taiwan,Yang Ming Marine Transport Corp,Yang Ming Marine Transport Corp,Bulk Carrier,193.7,32.4,9.6,69794,105812,20849,4.7,2020,PORT_A,PORT_G,At Sea,32.2476,54.8787,15.0,43
VSL-0158,MSC Leo,5778482,637282997,Liberia,Mediterranean Shipping Company,Mediterranean Shipping Company,General Cargo,168.5,25.0,6.55,13658,19437,7262,7.9,2017,PORT_G,PORT_E,At Sea,18.9544,33.8256,13.6,116
VSL-0159,Yang Ming Sapphire,7740647,416085368,Taiwan,Yang Ming Marine Transport Corp,Yang Ming Marine Transport Corp,Car Carrier,155.3,24.3,8.73,21872,10390,17589,0.5,2024,PORT_D,PORT_C,At Sea,38.8474,1.6658,17.3,40
VSL-0160,MOL Harmony,3122419,356797497,Panama,Mitsui O.S.K. Lines,Mitsui O.S.K. Lines,Bulk Carrier,185.9,29.3,12.59,92346,148700,42302,9.2,2016,PORT_A,PORT_C,At Sea,41.9737,8.3859,13.1,95
VSL-0161,Hapag-Lloyd Endurance,5705124,215461872,Malta,Hapag-Lloyd AG,Hapag-Lloyd AG,VLCC,322.6,52.9,18.5,115073,192265,60492,0.8,2024,PORT_E,PORT_G,At Sea,32.4183,62.1907,13.1,226
VSL-0162,Ever Victory,5881473,352503136,Panama,Evergreen Marine Corporation,Evergreen Marine Corporation,Container,398.8,53.8,11.2,93532,105654,26510,8.8,2016,PORT_C,PORT_E,At Sea,23.7453,37.3279,17.0,124
VSL-0163,Maersk Jacques Saadé,3052810,564358573,Singapore,A.P. Moller-Maersk,A.P. Moller-Maersk,Container,189.2,25.2,14.7,67527,73403,50618,3.7,2021,PORT_G,PORT_F,At Sea,21.4496,48.4239,19.4,286
VSL-0164,Maersk Amber,7448574,219862095,Denmark,A.P. Moller-Maersk,A.P. Moller-Maersk,Bulk Carrier,254.6,40.1,9.14,30863,50374,23906,10.5,2014,PORT_D,PORT_F,At Sea,16.4717,31.4572,14.1,275
VSL-0165,PIL Pioneer,2203175,563109678,Singapore,Pacific International Lines,Pacific International Lines,Car Carrier,135.2,20.3,9.37,41097,17967,13853,2.7,2022,PORT_E,PORT_A,At Sea,26.7458,26.422,19.0,106
VSL-0166,ONE Santos,9480148,431381138,Japan,Ocean Network Express,Ocean Network Express,General Cargo,172.8,27.2,9.16,21382,30669,12583,3.6,2021,PORT_D,PORT_D,At Sea,45.2252,21.1459,13.9,285
VSL-0167,CMA CGM Santos,8685284,228755855,France,CMA CGM Group,CMA CGM Group,RoRo,149.8,22.4,6.42,31629,18461,15875,4.9,2020,PORT_G,PORT_F,At Sea,14.0338,36.0561,16.2,130
VSL-0168,Ever Istanbul,3350482,538107522,Marshall Islands,Evergreen Marine Corporation,Evergreen Marine Corporation,Bulk Carrier,217.9,33.4,13.76,15016,21916,11386,2.7,2022,PORT_D,PORT_D,At Sea,36.5219,27.9764,15.6,292
VSL-0169,OOCL Antwerp,9409613,477556613,Hong Kong,Orient Overseas Container Line,Orient Overseas Container Line,Bulk Carrier,287.7,47.9,12.41,76504,122178,41716,1.5,2024,PORT_A,PORT_G,At Sea,22.4985,54.6722,13.4,167
VSL-0170,COSCO Shipping Apex,6225171,477864168,Hong Kong,China COSCO Shipping Corporation,China COSCO Shipping Corporation,Tanker,197.5,33.2,9.56,85305,140860,32679,4.7,2020,PORT_C,PORT_C,At Sea,46.591,15.3805,15.0,202
VSL-0171,OOCL Endeavor,6655352,477904259,Hong Kong,Orient Overseas Container Line,Orient Overseas Container Line,General Cargo,99.6,15.7,8.08,30748,40337,6693,0.6,2024,PORT_H,PORT_C,At Sea,50.1021,5.9942,13.1,79
VSL-0172,MSC Premier,4770536,356833884,Panama,Mediterranean Shipping Company,Mediterranean Shipping Company,RoRo,202.3,30.8,6.45,10017,5792,28876,20.9,2004,PORT_C,PORT_A,At Sea,35.9901,26.7102,16.9,269
VSL-0173,Hapag-Lloyd Felicity,5104631,256815798,Malta,Hapag-Lloyd AG,Hapag-Lloyd AG,Container,217.5,30.7,11.7,98918,104807,51662,0.5,2024,PORT_D,PORT_H,At Sea,-0.4872,96.4536,20.2,156
VSL-0174,ZIM Harmony,4608434,428562168,Israel,ZIM Integrated Shipping Services,ZIM Integrated Shipping Services,Bulk Carrier,209.0,32.8,8.94,44476,74213,24076,7.9,2017,PORT_D,PORT_D,Berthed,37.9383,23.6415,0.0,218
VSL-0175,CMA CGM Endurance,6292514,228812520,France,CMA CGM Group,CMA CGM Group,VLCC,372.8,64.5,19.32,123378,226279,72405,1.2,2024,PORT_G,PORT_G,At Sea,24.8712,50.0284,13.5,326
VSL-0176,COSCO Shipping Atlantic,3051725,413526772,China,China COSCO Shipping Corporation,China COSCO Shipping Corporation,Feeder,79.2,12.7,6.34,3388,3914,2293,11.5,2014,PORT_D,PORT_A,At Sea,37.1694,28.7351,13.8,113
VSL-0177,ONE Eagle,6609652,432999880,Japan,Ocean Network Express,Ocean Network Express,RoRo,218.6,33.3,9.03,10447,5737,28396,33.9,1991,PORT_H,PORT_H,At Sea,11.1975,106.5548,13.9,125
VSL-0178,MOL Antwerp,7264904,356827718,Panama,Mitsui O.S.K. Lines,Mitsui O.S.K. Lines,Tanker,227.3,36.2,17.09,69308,110537,38225,8.0,2017,PORT_C,PORT_G,At Sea,19.1642,56.9235,14.3,103
VSL-0179,PIL Pathfinder,8689266,564025922,Singapore,Pacific International Lines,Pacific International Lines,Cruise,214.4,29.3,7.97,130800,36673,67016,1.4,2024,PORT_C,PORT_C,Approaching,45.57,9.3175,13.2,157
VSL-0180,Yang Ming Pearl,8097334,355776719,Panama,Yang Ming Marine Transport Corp,Yang Ming Marine Transport Corp,Bulk Carrier,265.3,41.5,10.68,68248,107859,14702,1.1,2024,PORT_D,PORT_E,At Sea,22.3024,29.65,14.1,75
VSL-0181,CMA CGM Phoenix,9998274,538014556,Marshall Islands,CMA CGM Group,CMA CGM Group,Container,256.8,35.1,10.87,23243,24966,49748,7.4,2018,PORT_G,PORT_B,At Sea,34.5297,35.9875,17.5,355
VSL-0182,ZIM Endeavor,9469546,538299787,Marshall Islands,ZIM Integrated Shipping Services,ZIM Integrated Shipping Services,LNG Carrier,281.3,47.2,10.83,84689,45592,58362,0.5,2024,PORT_C,PORT_D,At Sea,46.9488,22.4592,19.2,320
VSL-0183,Ever Santos,4488509,351556990,Panama,Evergreen Marine Corporation,Evergreen Marine Corporation,Car Carrier,179.0,26.7,8.41,35381,16701,20365,0.5,2024,PORT_D,PORT_F,At Sea,30.6199,34.3298,17.0,245
VSL-0184,Hapag-Lloyd Singapore,8495885,211395512,Germany,Hapag-Lloyd AG,Hapag-Lloyd AG,Cruise,327.6,43.8,8.94,107409,31373,63224,17.8,2007,PORT_A,PORT_F,At Sea,13.2004,30.7315,21.2,199
VSL-0185,COSCO Shipping Pathfinder,4384210,477031780,Hong Kong,China COSCO Shipping Corporation,China COSCO Shipping Corporation,Container,205.7,27.9,14.69,50828,54588,63175,9.9,2015,PORT_C,PORT_D,At Sea,32.5679,24.1999,16.6,268
VSL-0186,MSC Eagle,8104096,636570184,Liberia,Mediterranean Shipping Company,Mediterranean Shipping Company,Bulk Carrier,199.1,33.7,12.62,23351,34487,49290,5.8,2019,PORT_E,PORT_D,At Sea,39.7798,28.5131,13.7,225
VSL-0187,NYK Valencia,9321495,432870207,Japan,Nippon Yusen Kaisha,Nippon Yusen Kaisha,General Cargo,107.3,15.9,5.79,9006,12241,17374,6.6,2018,PORT_A,PORT_A,Anchored,31.1606,29.8754,0.0,218
VSL-0188,COSCO Shipping Shanghai,7921710,413477332,China,China COSCO Shipping Corporation,China COSCO Shipping Corporation,Bulk Carrier,255.7,40.6,13.35,68505,103334,37604,4.7,2020,PORT_E,PORT_E,Approaching,28.8833,33.4254,8.8,358
VSL-0189,CMA CGM Discovery,9928164,538581487,Marshall Islands,CMA CGM Group,CMA CGM Group,Cruise,252.9,32.4,9.58,85466,25552,56937,0.5,2024,PORT_G,PORT_D,At Sea,30.101,21.2042,22.0,174
VSL-0190,OOCL Savannah,1997585,308724619,Bahamas,Orient Overseas Container Line,Orient Overseas Container Line,Container,332.7,47.1,12.59,118020,128624,49226,3.4,2022,PORT_G,PORT_F,At Sea,17.7759,33.314,17.7,46
VSL-0191,Ever Constellation,3354945,538519098,Marshall Islands,Evergreen Marine Corporation,Evergreen Marine Corporation,Container,210.6,29.7,13.48,95498,108996,60872,11.3,2014,PORT_C,PORT_E,At Sea,32.1033,31.022,17.7,286
VSL-0192,Hapag-Lloyd Meridian,6832728,229865624,Malta,Hapag-Lloyd AG,Hapag-Lloyd AG,LNG Carrier,284.1,46.8,11.72,130597,63398,59409,9.7,2015,PORT_C,PORT_C,Departing,44.4027,8.9214,0.0,8
VSL-0193,MOL Edmonton,9278686,357765326,Panama,Mitsui O.S.K. Lines,Mitsui O.S.K. Lines,Container,374.7,53.6,13.95,117497,142908,28517,1.2,2024,PORT_H,PORT_D,At Sea,36.8394,32.6947,18.0,279
VSL-0194,NYK Rotterdam,7818913,431718949,Japan,Nippon Yusen Kaisha,Nippon Yusen Kaisha,Tanker,165.7,28.9,9.42,62460,96134,31586,6.9,2018,PORT_F,PORT_A,At Sea,24.5325,29.3884,12.2,215
VSL-0195,PIL Falcon,9049047,564128144,Singapore,Pacific International Lines,Pacific International Lines,Bulk Carrier,296.7,46.9,9.77,29238,47386,37802,7.3,2018,PORT_E,PORT_E,At Sea,40.5065,33.4928,14.1,57
VSL-0196,CMA CGM Valencia,5129277,227637239,France,CMA CGM Group,CMA CGM Group,General Cargo,171.0,27.1,8.69,28070,36295,8546,1.5,2024,PORT_F,PORT_A,At Sea,31.4902,21.5024,13.4,204
VSL-0197,ZIM Apex,4765804,428856945,Israel,ZIM Integrated Shipping Services,ZIM Integrated Shipping Services,Tanker,241.0,39.7,19.43,102866,163283,25514,9.2,2016,PORT_B,PORT_E,At Sea,23.3479,37.9479,14.1,345
VSL-0198,PIL Istanbul,6618172,563443009,Singapore,Pacific International Lines,Pacific International Lines,RoRo,188.1,26.8,8.35,15212,8430,15422,9.4,2016,PORT_D,PORT_B,At Sea,37.8805,38.5152,16.0,336
VSL-0199,Maersk Britannia,4654213,564066504,Singapore,A.P. Moller-Maersk,A.P. Moller-Maersk,RoRo,177.7,25.6,9.21,14836,8369,10438,1.6,2023,PORT_E,PORT_E,Berthed,29.9636,32.5414,0.0,102
VSL-0200,Maersk Leo,1947073,219006425,Denmark,A.P. Moller-Maersk,A.P. Moller-Maersk,General Cargo,97.8,15.3,7.46,10035,14442,14530,2.0,2023,PORT_A,PORT_A,Anchored,31.2015,29.964,0.0,251
VSL-0201,Maersk Neptune,5460152,564174328,Singapore,A.P. Moller-Maersk,A.P. Moller-Maersk,Tanker,228.7,37.7,17.01,92729,157636,18154,2.0,2023,PORT_G,PORT_D,At Sea,34.094,26.8174,13.5,54
VSL-0202,OOCL Liberty,6184781,309005050,Bahamas,Orient Overseas Container Line,Orient Overseas Container Line,General Cargo,115.9,17.3,5.42,27147,37937,14029,1.2,2024,PORT_D,PORT_H,At Sea,9.1049,95.5489,11.4,119
VSL-0203,CMA CGM Istanbul,2417922,226179931,France,CMA CGM Group,CMA CGM Group,Feeder,62.6,9.5,4.42,10499,13005,4298,20.0,2005,PORT_G,PORT_F,At Sea,31.542,38.0506,11.0,347
VSL-0204,CMA CGM Premier,1426251,228273902,France,CMA CGM Group,CMA CGM Group,Bulk Carrier,168.1,26.3,12.1,61400,88251,22863,26.7,1998,PORT_G,PORT_C,At Sea,42.2609,9.1064,13.8,45
VSL-0205,Ever Amber,6329094,538791456,Marshall Islands,Evergreen Marine Corporation,Evergreen Marine Corporation,RoRo,171.2,24.2,7.13,33659,17455,25429,5.2,2020,PORT_D,PORT_D,At Sea,34.8219,23.0412,15.9,48
VSL-0206,Maersk Santos,7722009,220436459,Denmark,A.P. Moller-Maersk,A.P. Moller-Maersk,General Cargo,166.3,24.8,9.93,22763,28533,9963,7.9,2017,PORT_H,PORT_A,At Sea,34.0804,30.9053,12.2,14
VSL-0207,ONE Vanguard,5313634,432317970,Japan,Ocean Network Express,Ocean Network Express,Tanker,179.7,29.0,18.85,84369,143148,41671,3.2,2022,PORT_C,PORT_C,Anchored,44.3816,8.9409,0.0,91
VSL-0208,MSC Harmony,1776254,352492929,Panama,Mediterranean Shipping Company,Mediterranean Shipping Company,Bulk Carrier,170.5,26.5,12.32,68721,109793,49022,1.8,2023,PORT_D,PORT_D,Cargo Operations,37.9317,23.6471,0.0,250
VSL-0209,CMA CGM Neptune,6007804,227867177,France,CMA CGM Group,CMA CGM Group,LNG Carrier,270.6,46.8,10.95,102393,49131,50580,4.5,2020,PORT_A,PORT_G,At Sea,32.7379,63.5756,18.7,151
VSL-0210,Yang Ming Eagle,6257019,416580464,Taiwan,Yang Ming Marine Transport Corp,Yang Ming Marine Transport Corp,Container,399.8,55.9,10.1,86903,101276,29766,4.9,2020,PORT_D,PORT_B,At Sea,27.0528,39.3437,18.9,345
VSL-0211,ZIM Shanghai,2538178,428355486,Israel,ZIM Integrated Shipping Services,ZIM Integrated Shipping Services,Bulk Carrier,157.7,25.8,10.3,54554,87331,11634,3.7,2021,PORT_B,PORT_F,At Sea,16.0581,39.6512,13.4,269
VSL-0212,Maersk Odyssey,1162415,563241272,Singapore,A.P. Moller-Maersk,A.P. Moller-Maersk,LNG Carrier,294.7,48.5,11.06,127776,65660,85978,4.8,2020,PORT_A,PORT_A,Approaching,31.8399,29.7962,11.1,177
VSL-0213,OOCL Premier,7988770,309924243,Bahamas,Orient Overseas Container Line,Orient Overseas Container Line,Bulk Carrier,260.7,43.5,8.13,31070,48310,10881,13.0,2012,PORT_E,PORT_A,At Sea,30.4533,33.3224,13.5,85
VSL-0214,CMA CGM Liberty,6592744,226380552,France,CMA CGM Group,CMA CGM Group,General Cargo,96.1,15.4,7.68,11379,16085,5630,9.9,2015,PORT_C,PORT_E,At Sea,33.1456,33.0514,14.3,234
VSL-0215,MOL Neptune,9751705,431814069,Japan,Mitsui O.S.K. Lines,Mitsui O.S.K. Lines,Feeder,70.9,11.0,6.91,9099,11611,4551,8.3,2017,PORT_H,PORT_F,At Sea,24.2417,40.1713,11.0,328
VSL-0216,Maersk Jade,3759987,563562656,Singapore,A.P. Moller-Maersk,A.P. Moller-Maersk,Container,295.8,42.5,14.69,96709,114366,31394,0.7,2024,PORT_E,PORT_F,At Sea,26.9487,38.4039,18.3,227
VSL-0217,OOCL Atlantic,2347854,477961064,Hong Kong,Orient Overseas Container Line,Orient Overseas Container Line,RoRo,149.9,22.5,7.77,14060,7627,24016,18.2,2007,PORT_H,PORT_C,At Sea,46.3834,5.4592,15.1,148
VSL-0218,Ever Endurance,1462736,538147195,Marshall Islands,Evergreen Marine Corporation,Evergreen Marine Corporation,Tanker,167.2,27.8,18.09,94781,144549,28676,6.6,2018,PORT_G,PORT_E,At Sea,21.7837,33.7918,13.6,262
VSL-0219,PIL Navigator,4481836,563192855,Singapore,Pacific International Lines,Pacific International Lines,RoRo,102.1,15.3,7.04,29521,15866,11215,4.9,2020,PORT_E,PORT_E,At Sea,26.6251,24.3517,15.4,49
VSL-0220,CMA CGM Triumph,2833891,228888167,France,CMA CGM Group,CMA CGM Group,Tanker,219.8,36.3,10.58,30599,53888,27663,12.1,2013,PORT_B,PORT_B,Waiting,31.2919,32.3423,0.0,245
VSL-0221,Ever Glory,3223421,352216110,Panama,Evergreen Marine Corporation,Evergreen Marine Corporation,Bulk Carrier,253.7,42.8,8.83,52564,77201,49503,5.9,2019,PORT_G,PORT_A,At Sea,35.0797,30.7309,13.1,240
VSL-0222,MSC Endeavor,4955289,357938911,Panama,Mediterranean Shipping Company,Mediterranean Shipping Company,Container,235.7,34.1,10.4,86758,95069,58218,12.2,2013,PORT_A,PORT_D,At Sea,46.8682,21.6009,16.5,87
VSL-0223,OOCL Atlas,1256632,311361517,Bahamas,Orient Overseas Container Line,Orient Overseas Container Line,Cruise,285.9,38.9,9.92,53816,15800,44630,5.6,2019,PORT_C,PORT_H,At Sea,-1.4103,94.6139,20.6,167
VSL-0224,Hapag-Lloyd Odyssey,7520712,218781126,Germany,Hapag-Lloyd AG,Hapag-Lloyd AG,Tanker,225.4,36.5,14.03,85728,139353,45917,14.7,2010,PORT_B,PORT_C,At Sea,47.0251,8.5193,13.5,173
VSL-0225,OOCL Harmony,5796783,309271147,Bahamas,Orient Overseas Container Line,Orient Overseas Container Line,Container,365.7,52.1,12.43,43286,51897,42385,5.5,2020,PORT_C,PORT_A,At Sea,34.0323,30.8967,19.2,91
VSL-0226,MOL Eagle,4778485,432880061,Japan,Mitsui O.S.K. Lines,Mitsui O.S.K. Lines,Bulk Carrier,251.9,41.7,8.92,67867,109697,13853,0.6,2024,PORT_F,PORT_G,At Sea,31.2721,56.5003,14.6,90
VSL-0227,PIL Emerald,7828061,564796954,Singapore,Pacific International Lines,Pacific International Lines,Tanker,306.3,52.2,12.33,82957,136604,37116,1.2,2024,PORT_A,PORT_A,At Sea,29.0079,32.3625,14.4,320
VSL-0228,NYK Pioneer,1520851,431769864,Japan,Nippon Yusen Kaisha,Nippon Yusen Kaisha,Bulk Carrier,164.6,25.9,10.07,45376,71999,24050,8.7,2016,PORT_H,PORT_A,At Sea,22.6724,38.1592,12.5,199
VSL-0229,CMA CGM Pacific,5637183,538440496,Marshall Islands,CMA CGM Group,CMA CGM Group,Bulk Carrier,164.7,27.4,10.93,73723,117331,18236,5.5,2020,PORT_B,PORT_B,At Sea,30.1017,40.1335,12.7,218
VSL-0230,OOCL Jade,8208294,309374896,Bahamas,Orient Overseas Container Line,Orient Overseas Container Line,Container,355.0,49.5,13.91,50184,54942,60598,4.5,2020,PORT_A,PORT_A,Berthed,31.2004,29.9173,0.0,75
VSL-0231,Hapag-Lloyd Harmony,2493639,215230347,Malta,Hapag-Lloyd AG,Hapag-Lloyd AG,Container,344.2,49.8,14.59,104412,122647,41692,15.7,2009,PORT_G,PORT_G,At Sea,33.2513,57.0114,17.0,81
VSL-0232,MOL Glory,1594163,432162319,Japan,Mitsui O.S.K. Lines,Mitsui O.S.K. Lines,Bulk Carrier,154.4,23.8,12.74,38610,61976,32028,8.3,2017,PORT_B,PORT_E,At Sea,35.8445,36.291,12.4,160
VSL-0233,OOCL Horizon,8515867,309342575,Bahamas,Orient Overseas Container Line,Orient Overseas Container Line,Bulk Carrier,237.6,37.0,10.34,78611,115514,19437,4.4,2021,PORT_A,PORT_A,At Sea,25.7429,21.0495,12.9,27
VSL-0234,Maersk Sapphire,7606449,219343275,Denmark,A.P. Moller-Maersk,A.P. Moller-Maersk,General Cargo,158.9,24.1,6.2,24345,34508,7639,25.5,2000,PORT_G,PORT_G,Approaching,24.8224,56.293,8.6,251
VSL-0235,ZIM Pioneer,6985707,538272063,Marshall Islands,ZIM Integrated Shipping Services,ZIM Integrated Shipping Services,Tanker,230.2,39.6,18.25,83999,143000,54454,13.7,2011,PORT_F,PORT_B,At Sea,31.2677,35.4083,14.4,332
VSL-0236,ONE Valencia,3165265,564930089,Singapore,Ocean Network Express,Ocean Network Express,RoRo,201.6,30.3,8.74,37327,19744,15026,5.2,2020,PORT_B,PORT_H,At Sea,0.0893,100.0526,16.3,219
VSL-0237,Yang Ming Antwerp,1333442,356762639,Panama,Yang Ming Marine Transport Corp,Yang Ming Marine Transport Corp,General Cargo,94.9,14.6,9.79,10954,15435,11508,0.5,2024,PORT_E,PORT_D,At Sea,32.7502,27.0015,13.9,74
VSL-0238,Yang Ming Spirit,6366949,351180053,Panama,Yang Ming Marine Transport Corp,Yang Ming Marine Transport Corp,Container,394.7,55.6,11.41,65097,69900,33919,7.0,2018,PORT_F,PORT_A,At Sea,29.1472,29.8614,15.8,343
VSL-0239,CMA CGM Endeavor,8624151,538274564,Marshall Islands,CMA CGM Group,CMA CGM Group,Bulk Carrier,295.2,49.7,11.36,64341,105758,20411,5.6,2019,PORT_E,PORT_E,Anchored,29.9813,32.5762,0.0,135
VSL-0240,Yang Ming Horizon,2032071,416276170,Taiwan,Yang Ming Marine Transport Corp,Yang Ming Marine Transport Corp,Tanker,234.1,39.2,10.81,85791,151132,37107,24.0,2001,PORT_H,PORT_H,At Sea,5.2153,98.139,15.2,75
VSL-0241,OOCL Legacy,8926133,477150416,Hong Kong,Orient Overseas Container Line,Orient Overseas Container Line,Container,200.6,27.2,15.21,38065,46513,30078,5.7,2019,PORT_B,PORT_F,At Sea,24.5787,40.905,18.5,232
VSL-0242,OOCL Spirit,7450187,477642361,Hong Kong,Orient Overseas Container Line,Orient Overseas Container Line,General Cargo,106.9,16.4,8.29,16529,23912,3657,7.8,2017,PORT_D,PORT_C,At Sea,39.5974,12.3171,11.5,331
VSL-0243,CMA CGM Navigator,5837769,227499616,France,CMA CGM Group,CMA CGM Group,RoRo,178.5,25.8,6.48,26161,14814,17511,13.1,2012,PORT_C,PORT_G,At Sea,31.9401,59.6402,12.9,346
VSL-0244,CMA CGM Jacques Saadé,3864902,538081866,Marshall Islands,CMA CGM Group,CMA CGM Group,Container,331.0,45.0,10.93,69532,79160,52218,6.0,2019,PORT_E,PORT_F,At Sea,25.4514,41.4155,17.6,257
VSL-0245,ONE Poseidon,7945235,563194168,Singapore,Ocean Network Express,Ocean Network Express,Container,342.9,47.2,12.78,98617,117118,62459,0.5,2024,PORT_G,PORT_B,At Sea,30.0699,30.5298,17.0,336
VSL-0246,Ever Endeavor,2031039,357037236,Panama,Evergreen Marine Corporation,Evergreen Marine Corporation,Feeder,102.1,16.5,5.46,10040,12415,7817,3.6,2021,PORT_D,PORT_B,At Sea,26.3825,33.441,12.1,242
VSL-0247,Ever Neptune,8501660,538076789,Marshall Islands,Evergreen Marine Corporation,Evergreen Marine Corporation,Bulk Carrier,167.5,25.7,13.41,77796,119610,27810,5.3,2020,PORT_H,PORT_D,At Sea,28.9413,22.0223,13.1,32
VSL-0248,Yang Ming Vanguard,9597240,416657293,Taiwan,Yang Ming Marine Transport Corp,Yang Ming Marine Transport Corp,Bulk Carrier,247.2,39.7,13.33,24939,38261,34907,8.3,2017,PORT_B,PORT_H,At Sea,2.3171,106.9766,14.2,310
VSL-0249,Ever Navigator,2801563,351931837,Panama,Evergreen Marine Corporation,Evergreen Marine Corporation,Tanker,294.9,51.6,19.37,63422,102282,25562,6.5,2018,PORT_F,PORT_F,At Sea,22.7107,29.5634,11.8,353
VSL-0250,MOL Triumph,8121355,431478712,Japan,Mitsui O.S.K. Lines,Mitsui O.S.K. Lines,LNG Carrier,307.4,53.6,10.21,73529,38269,87850,12.8,2012,PORT_F,PORT_C,At Sea,45.3715,12.0134,17.9,212
VSL-0251,Hapag-Lloyd Pathfinder,2863262,218678507,Germany,Hapag-Lloyd AG,Hapag-Lloyd AG,RoRo,100.8,14.5,9.34,25525,14522,14308,1.5,2024,PORT_A,PORT_B,At Sea,30.1322,34.915,16.6,31
VSL-0252,ZIM Discovery,6845505,538892673,Marshall Islands,ZIM Integrated Shipping Services,ZIM Integrated Shipping Services,Bulk Carrier,155.6,26.3,13.54,27830,45201,32982,30.4,1995,PORT_H,PORT_H,Approaching,2.1554,103.1126,8.4,332
VSL-0253,COSCO Shipping Endeavor,8520082,477346810,Hong Kong,China COSCO Shipping Corporation,China COSCO Shipping Corporation,Bulk Carrier,179.6,29.7,9.81,18142,26437,23379,10.3,2015,PORT_E,PORT_F,At Sea,21.6234,35.9446,14.7,293
VSL-0254,ZIM Atlantic,5449263,428158935,Israel,ZIM Integrated Shipping Services,ZIM Integrated Shipping Services,RoRo,154.4,23.6,9.93,37799,21214,29758,6.7,2018,PORT_C,PORT_G,At Sea,33.961,60.1244,15.4,31
VSL-0255,Ever Poseidon,6776223,538772881,Marshall Islands,Evergreen Marine Corporation,Evergreen Marine Corporation,Bulk Carrier,169.5,27.5,9.29,21636,35032,37072,4.1,2021,PORT_H,PORT_H,At Sea,2.5751,105.7888,11.8,60
VSL-0256,Ever Discovery,5229601,538327018,Marshall Islands,Evergreen Marine Corporation,Evergreen Marine Corporation,General Cargo,120.9,18.4,5.6,25011,36418,3604,1.3,2024,PORT_A,PORT_G,At Sea,22.5143,61.3981,12.1,231
VSL-0257,Yang Ming Felicity,2519964,354365807,Panama,Yang Ming Marine Transport Corp,Yang Ming Marine Transport Corp,Cruise,325.0,43.4,8.43,140804,41977,62256,11.5,2014,PORT_B,PORT_C,At Sea,36.2504,4.9647,21.1,287
VSL-0258,ZIM Glory,8204339,428189569,Israel,ZIM Integrated Shipping Services,ZIM Integrated Shipping Services,General Cargo,144.4,23.2,5.43,38430,52061,11127,11.3,2014,PORT_A,PORT_F,At Sea,16.0082,42.4249,11.2,270
VSL-0259,Ever Zenith,5952002,354152654,Panama,Evergreen Marine Corporation,Evergreen Marine Corporation,Bulk Carrier,188.6,29.7,8.69,23443,33951,16726,1.2,2024,PORT_B,PORT_A,At Sea,31.254,25.8948,13.0,258
VSL-0260,ZIM Poseidon,3824964,428183258,Israel,ZIM Integrated Shipping Services,ZIM Integrated Shipping Services,Bulk Carrier,167.3,26.7,8.36,54510,80891,26283,5.3,2020,PORT_D,PORT_D,Departing,37.9408,23.6385,0.0,284
VSL-0261,Yang Ming Harmony,6539845,351289141,Panama,Yang Ming Marine Transport Corp,Yang Ming Marine Transport Corp,Tanker,160.2,25.4,14.11,94302,166391,28016,28.6,1996,PORT_B,PORT_C,At Sea,53.6605,8.8615,12.5,221
VSL-0262,Ever Liberty,5379509,538097002,Marshall Islands,Evergreen Marine Corporation,Evergreen Marine Corporation,Container,291.1,42.4,14.81,108393,128795,67379,8.1,2017,PORT_H,PORT_G,At Sea,26.7243,47.8805,17.5,15
VSL-0263,MOL Valencia,1753707,431045319,Japan,Mitsui O.S.K. Lines,Mitsui O.S.K. Lines,Cruise,330.6,44.5,8.34,57278,16872,78741,3.8,2021,PORT_D,PORT_D,At Sea,49.4929,21.2321,20.6,18
VSL-0264,ZIM Odyssey,1921249,428843089,Israel,ZIM Integrated Shipping Services,ZIM Integrated Shipping Services,Bulk Carrier,285.7,45.6,12.24,32772,53803,17843,13.8,2011,PORT_H,PORT_A,At Sea,24.0002,21.1085,13.9,165
VSL-0265,COSCO Shipping Horizon,6875067,477519036,Hong Kong,China COSCO Shipping Corporation,China COSCO Shipping Corporation,Tanker,329.2,56.3,12.01,80575,141113,35996,3.6,2021,PORT_D,PORT_D,Berthed,37.9339,23.6366,0.0,32
VSL-0266,Maersk Falcon,5058313,220179110,Denmark,A.P. Moller-Maersk,A.P. Moller-Maersk,General Cargo,89.7,13.6,7.4,33282,43136,11887,7.9,2017,PORT_G,PORT_G,Waiting,24.9913,55.0948,0.0,33
VSL-0267,MSC Discovery,6196394,636767699,Liberia,Mediterranean Shipping Company,Mediterranean Shipping Company,Car Carrier,125.0,18.2,9.6,14081,5886,25268,4.5,2020,PORT_A,PORT_H,At Sea,-4.8179,100.0905,16.8,55
VSL-0268,Hapag-Lloyd Falcon,2320026,248968549,Malta,Hapag-Lloyd AG,Hapag-Lloyd AG,Container,310.9,43.8,10.41,98941,109345,31293,6.8,2018,PORT_C,PORT_C,Approaching,44.2381,9.3748,10.5,4
VSL-0269,COSCO Shipping Britannia,1537799,413995946,China,China COSCO Shipping Corporation,China COSCO Shipping Corporation,Tanker,271.8,43.3,10.59,39839,64092,51863,6.6,2018,PORT_B,PORT_H,At Sea,10.3955,98.115,14.6,253
VSL-0270,NYK Constellation,6205016,432081247,Japan,Nippon Yusen Kaisha,Nippon Yusen Kaisha,Container,180.8,25.7,11.34,43027,53064,51948,2.2,2023,PORT_F,PORT_A,At Sea,34.8935,41.0777,17.8,134
VSL-0271,PIL Spirit,1534735,564528961,Singapore,Pacific International Lines,Pacific International Lines,RoRo,140.8,21.6,8.22,14606,7418,8472,14.8,2010,PORT_C,PORT_D,At Sea,35.1153,26.3534,16.2,191
VSL-0272,PIL Santos,2897316,564912868,Singapore,Pacific International Lines,Pacific International Lines,Bulk Carrier,214.4,35.8,11.82,93286,139832,40523,7.1,2018,PORT_H,PORT_C,At Sea,40.7462,12.6458,13.2,253
VSL-0273,COSCO Shipping Meridian,4669256,413812147,China,China COSCO Shipping Corporation,China COSCO Shipping Corporation,Tanker,258.8,44.8,16.02,90737,148568,44238,1.9,2023,PORT_D,PORT_A,At Sea,26.3828,25.3318,12.5,218
VSL-0274,Maersk Discovery,4311158,219835354,Denmark,A.P. Moller-Maersk,A.P. Moller-Maersk,Tanker,233.5,38.7,13.04,63773,101279,27285,0.5,2024,PORT_E,PORT_D,At Sea,46.9957,23.526,15.7,278
VSL-0275,Yang Ming Hamburg,6333734,416751536,Taiwan,Yang Ming Marine Transport Corp,Yang Ming Marine Transport Corp,Cruise,201.4,26.6,7.9,155123,47132,70240,4.1,2021,PORT_G,PORT_D,At Sea,41.789,18.5433,20.9,15
VSL-0276,Hapag-Lloyd Apex,8459099,215225999,Malta,Hapag-Lloyd AG,Hapag-Lloyd AG,Bulk Carrier,236.6,39.4,8.77,95185,143756,10387,13.3,2012,PORT_G,PORT_G,At Sea,21.8853,57.624,13.0,55
VSL-0277,OOCL Pearl,2316439,477481705,Hong Kong,Orient Overseas Container Line,Orient Overseas Container Line,Bulk Carrier,294.3,45.9,11.83,40894,66697,16856,9.0,2016,PORT_C,PORT_F,At Sea,12.512,44.8097,13.6,80
VSL-0278,Ever Apex,2994932,538430271,Marshall Islands,Evergreen Marine Corporation,Evergreen Marine Corporation,VLCC,310.3,51.9,19.67,139451,258504,83339,18.7,2006,PORT_D,PORT_F,At Sea,29.5473,31.5409,11.2,46
VSL-0279,CMA CGM Zenith,2967628,228916032,France,CMA CGM Group,CMA CGM Group,Bulk Carrier,282.1,46.0,10.74,74526,121245,38465,2.8,2022,PORT_E,PORT_B,At Sea,29.711,23.4542,14.2,111
VSL-0280,Hapag-Lloyd Crown,4380707,211765636,Germany,Hapag-Lloyd AG,Hapag-Lloyd AG,Cruise,265.8,35.5,9.29,56972,17856,51592,11.3,2014,PORT_E,PORT_B,At Sea,37.2083,39.1749,20.1,236
VSL-0281,Maersk Atlas,1862106,564275230,Singapore,A.P. Moller-Maersk,A.P. Moller-Maersk,Container,300.7,43.2,11.45,115001,125281,28732,13.7,2011,PORT_D,PORT_D,Anchored,37.9342,23.5948,0.0,325
VSL-0282,MOL Constellation,3533101,432005313,Japan,Mitsui O.S.K. Lines,Mitsui O.S.K. Lines,Car Carrier,171.3,24.8,9.43,46086,19095,19765,2.9,2022,PORT_B,PORT_B,Berthed,31.2659,32.3066,0.0,85
VSL-0283,Maersk Vanguard,1552062,220063731,Denmark,A.P. Moller-Maersk,A.P. Moller-Maersk,RoRo,105.3,15.7,8.05,38178,22457,15098,7.9,2017,PORT_E,PORT_F,At Sea,23.3245,37.5721,14.8,210
VSL-0284,Maersk Atlantic,6252576,563509976,Singapore,A.P. Moller-Maersk,A.P. Moller-Maersk,Bulk Carrier,239.8,40.0,13.9,23654,34736,31447,35.0,1990,PORT_D,PORT_A,At Sea,27.9793,27.0317,13.6,219
VSL-0285,NYK Atlantic,5245083,432403553,Japan,Nippon Yusen Kaisha,Nippon Yusen Kaisha,RoRo,174.4,24.9,6.24,21857,11133,14525,1.3,2024,PORT_A,PORT_D,At Sea,34.6235,14.1906,15.4,113
VSL-0286,COSCO Shipping Spirit,2983385,412674233,China,China COSCO Shipping Corporation,China COSCO Shipping Corporation,General Cargo,118.1,17.4,6.61,20482,26290,3090,16.3,2009,PORT_D,PORT_E,At Sea,25.3706,34.0999,12.0,246
VSL-0287,MSC Busan,6149822,636467474,Liberia,Mediterranean Shipping Company,Mediterranean Shipping Company,Container,394.0,56.0,12.39,36776,44054,43186,5.6,2019,PORT_H,PORT_B,At Sea,30.0923,27.0971,17.2,100
VSL-0288,NYK Pathfinder,7491600,431692364,Japan,Nippon Yusen Kaisha,Nippon Yusen Kaisha,Container,221.7,32.1,10.08,70069,86256,56816,5.4,2020,PORT_F,PORT_H,At Sea,-4.3559,110.0017,18.8,217
VSL-0289,Ever Atlantic,2439920,538116691,Marshall Islands,Evergreen Marine Corporation,Evergreen Marine Corporation,RoRo,129.1,19.4,6.14,38085,21434,21880,9.0,2016,PORT_D,PORT_G,At Sea,21.7312,56.6824,16.1,354
VSL-0290,PIL Neptune,2436409,563701168,Singapore,Pacific International Lines,Pacific International Lines,Bulk Carrier,295.2,49.4,11.95,47537,76366,22319,4.2,2021,PORT_E,PORT_G,At Sea,22.395,57.6865,13.7,93
VSL-0291,Hapag-Lloyd Voyager,1509376,256100409,Malta,Hapag-Lloyd AG,Hapag-Lloyd AG,Tanker,178.7,30.7,15.24,37556,58913,24042,11.1,2014,PORT_A,PORT_B,At Sea,32.3269,28.3302,13.0,192
VSL-0292,ONE Victory,5669057,432107620,Japan,Ocean Network Express,Ocean Network Express,General Cargo,178.7,27.3,8.81,37624,49742,10098,3.3,2022,PORT_E,PORT_D,At Sea,33.7562,19.792,12.3,211
VSL-0293,NYK Victory,3976913,432671649,Japan,Nippon Yusen Kaisha,Nippon Yusen Kaisha,General Cargo,80.3,12.8,8.19,37967,55107,7832,8.0,2017,PORT_C,PORT_A,At Sea,32.1507,26.7822,11.8,154
VSL-0294,Hapag-Lloyd Shanghai,2564347,218128715,Germany,Hapag-Lloyd AG,Hapag-Lloyd AG,LNG Carrier,344.6,57.3,11.97,102676,51672,85856,24.8,2000,PORT_B,PORT_B,Approaching,30.4919,33.0489,11.2,195
VSL-0295,ONE Singapore,1952561,431409836,Japan,Ocean Network Express,Ocean Network Express,General Cargo,158.5,23.9,9.83,20293,25692,6500,2.4,2023,PORT_F,PORT_F,Cargo Operations,21.4954,39.186,0.0,64
VSL-0296,COSCO Shipping Pearl,2942094,477481497,Hong Kong,China COSCO Shipping Corporation,China COSCO Shipping Corporation,Tanker,262.3,42.2,11.44,54368,96064,39223,4.9,2020,PORT_D,PORT_H,At Sea,6.0964,102.823,12.3,30
VSL-0297,MOL Atlas,6420862,353675661,Panama,Mitsui O.S.K. Lines,Mitsui O.S.K. Lines,VLCC,326.7,57.5,21.31,96849,157352,103959,13.3,2012,PORT_E,PORT_E,At Sea,33.0015,40.9856,13.2,67
VSL-0298,Yang Ming Edmonton,4233306,353912662,Panama,Yang Ming Marine Transport Corp,Yang Ming Marine Transport Corp,Bulk Carrier,268.7,44.0,13.2,19600,30755,47383,2.9,2022,PORT_B,PORT_B,Berthing,31.2571,32.2995,0.0,26
VSL-0299,Ever Edmonton,6176473,353011117,Panama,Evergreen Marine Corporation,Evergreen Marine Corporation,Container,293.4,39.7,12.03,63382,68444,29131,10.3,2015,PORT_D,PORT_A,At Sea,39.0437,29.2952,16.9,245
VSL-0300,Maersk Victory,8260682,220189813,Denmark,A.P. Moller-Maersk,A.P. Moller-Maersk,Bulk Carrier,261.8,41.9,12.77,30393,47647,29367,8.3,2017,PORT_B,PORT_B,Cargo Operations,31.2536,32.302,0.0,92
VSL-0301,MOL Leo,1845823,432034084,Japan,Mitsui O.S.K. Lines,Mitsui O.S.K. Lines,Container,278.4,37.1,11.89,23914,26431,49603,8.5,2016,PORT_H,PORT_C,At Sea,41.7824,1.617,14.9,180
VSL-0302,OOCL Emerald,9542960,477844626,Hong Kong,Orient Overseas Container Line,Orient Overseas Container Line,General Cargo,131.1,19.4,8.44,28191,40226,3671,0.5,2024,PORT_E,PORT_G,At Sea,32.0973,63.9917,12.6,104
VSL-0303,OOCL Phoenix,2566096,308141818,Bahamas,Orient Overseas Container Line,Orient Overseas Container Line,Container,341.2,48.1,15.97,89680,108421,31246,3.7,2021,PORT_F,PORT_B,At Sea,28.4403,37.1709,17.6,115
VSL-0304,ONE Edmonton,8491023,564625889,Singapore,Ocean Network Express,Ocean Network Express,Bulk Carrier,164.7,25.6,13.88,33889,52750,48071,12.2,2013,PORT_G,PORT_G,Approaching,25.6167,55.6866,9.4,4
VSL-0305,Yang Ming Atlas,5784467,355341465,Panama,Yang Ming Marine Transport Corp,Yang Ming Marine Transport Corp,General Cargo,151.3,24.3,8.29,9993,13791,11513,2.5,2022,PORT_B,PORT_B,At Sea,40.0071,29.1426,13.1,146
VSL-0306,ZIM Jacques Saadé,6093061,428389097,Israel,ZIM Integrated Shipping Services,ZIM Integrated Shipping Services,Tanker,243.8,41.6,18.62,106519,175184,34079,5.7,2019,PORT_D,PORT_D,Berthed,37.9335,23.6373,0.0,68
VSL-0307,ZIM Yokohama,4474431,428963480,Israel,ZIM Integrated Shipping Services,ZIM Integrated Shipping Services,Tanker,321.9,55.9,13.65,52876,83752,31797,1.0,2024,PORT_H,PORT_H,Berthed,1.2811,103.8401,0.0,235
VSL-0308,ZIM Star,1702435,538654562,Marshall Islands,ZIM Integrated Shipping Services,ZIM Integrated Shipping Services,Bulk Carrier,203.1,31.5,8.03,90666,140353,17446,3.5,2022,PORT_E,PORT_B,At Sea,24.6541,22.4095,14.2,224
VSL-0309,Hapag-Lloyd Zenith,7237418,256872568,Malta,Hapag-Lloyd AG,Hapag-Lloyd AG,Container,257.8,34.7,12.6,55923,59581,63784,1.8,2023,PORT_G,PORT_C,At Sea,46.8226,10.8723,18.5,256
VSL-0310,Ever Pearl,6392821,352414363,Panama,Evergreen Marine Corporation,Evergreen Marine Corporation,Container,330.6,43.7,10.31,102983,118055,42623,7.3,2018,PORT_B,PORT_C,At Sea,46.7897,5.857,17.9,322
VSL-0311,ZIM Endurance,3567085,428041454,Israel,ZIM Integrated Shipping Services,ZIM Integrated Shipping Services,General Cargo,102.9,15.7,5.66,6342,8721,17855,21.2,2004,PORT_G,PORT_G,Berthed,25.0049,55.0679,0.0,93
VSL-0312,Yang Ming Pathfinder,4110827,353559895,Panama,Yang Ming Marine Transport Corp,Yang Ming Marine Transport Corp,Container,191.5,25.5,14.47,41197,44988,44658,19.1,2006,PORT_E,PORT_D,At Sea,44.6344,27.7268,18.5,308
VSL-0313,ZIM Pacific,4738203,538368485,Marshall Islands,ZIM Integrated Shipping Services,ZIM Integrated Shipping Services,Container,309.0,44.7,15.47,85435,91567,31140,9.8,2015,PORT_H,PORT_H,Anchored,1.303,103.8117,0.0,223
VSL-0314,MSC Neptune,3678810,352786866,Panama,Mediterranean Shipping Company,Mediterranean Shipping Company,Container,272.2,38.5,15.59,70386,76138,23049,7.3,2018,PORT_D,PORT_C,At Sea,42.5782,8.0412,18.7,303
VSL-0315,NYK Harmony,2308341,431242403,Japan,Nippon Yusen Kaisha,Nippon Yusen Kaisha,General Cargo,167.9,25.3,8.95,20940,27004,13616,6.0,2019,PORT_D,PORT_D,Departing,37.9407,23.63,0.0,177
VSL-0316,MSC Britannia,5342403,355916498,Panama,Mediterranean Shipping Company,Mediterranean Shipping Company,General Cargo,177.2,26.3,6.62,38124,54748,16259,2.5,2022,PORT_H,PORT_D,At Sea,39.4368,28.6644,11.6,202
VSL-0317,CMA CGM Odyssey,2404224,538931216,Marshall Islands,CMA CGM Group,CMA CGM Group,Container,231.0,31.1,14.36,56864,62098,65304,0.8,2024,PORT_G,PORT_B,At Sea,37.2721,39.3206,16.5,6
VSL-0318,Maersk Harmony,9001851,219327972,Denmark,A.P. Moller-Maersk,A.P. Moller-Maersk,General Cargo,117.8,17.3,5.1,33929,43960,14451,8.3,2017,PORT_H,PORT_C,At Sea,40.1369,7.7313,12.6,10
VSL-0319,Hapag-Lloyd Constellation,5436175,211131451,Germany,Hapag-Lloyd AG,Hapag-Lloyd AG,LNG Carrier,259.8,45.1,10.59,105807,48874,83459,1.2,2024,PORT_B,PORT_F,At Sea,31.3294,33.7606,20.2,22
VSL-0320,MOL Shanghai,8225266,432119642,Japan,Mitsui O.S.K. Lines,Mitsui O.S.K. Lines,General Cargo,97.8,15.3,7.65,25986,33967,13191,1.3,2024,PORT_C,PORT_C,At Sea,38.5954,16.6633,11.8,211
VSL-0321,ZIM Antwerp,6196899,428135030,Israel,ZIM Integrated Shipping Services,ZIM Integrated Shipping Services,General Cargo,143.7,22.2,5.69,38041,51674,16824,3.9,2021,PORT_H,PORT_C,At Sea,54.8428,13.0286,12.9,178
VSL-0322,Hapag-Lloyd Liberty,3021263,211650191,Germany,Hapag-Lloyd AG,Hapag-Lloyd AG,Bulk Carrier,277.4,45.0,12.67,26844,44480,28415,14.4,2011,PORT_C,PORT_A,At Sea,33.3896,32.6105,13.6,213
VSL-0323,MOL Hamburg,4120092,431820667,Japan,Mitsui O.S.K. Lines,Mitsui O.S.K. Lines,Container,220.1,30.3,14.46,94810,106194,55531,2.8,2022,PORT_E,PORT_E,At Sea,21.9024,36.7459,18.1,80
VSL-0324,NYK Emerald,7756622,431563411,Japan,Nippon Yusen Kaisha,Nippon Yusen Kaisha,Bulk Carrier,163.8,25.2,10.27,95841,145993,39725,4.1,2021,PORT_F,PORT_A,At Sea,33.4904,33.6714,14.4,5
VSL-0325,OOCL Santos,6051403,309683565,Bahamas,Orient Overseas Container Line,Orient Overseas Container Line,RoRo,137.1,21.1,8.21,31620,17571,8712,2.5,2022,PORT_B,PORT_B,Cargo Operations,31.2566,32.3079,0.0,257
VSL-0326,Yang Ming Endeavor,3322887,416725459,Taiwan,Yang Ming Marine Transport Corp,Yang Ming Marine Transport Corp,Container,357.6,51.4,10.9,78717,87485,40341,7.1,2018,PORT_G,PORT_G,Approaching,24.9293,54.7215,11.0,349
VSL-0327,CMA CGM Yokohama,8171752,538421495,Marshall Islands,CMA CGM Group,CMA CGM Group,Bulk Carrier,181.3,29.2,11.66,21374,34745,16096,7.9,2017,PORT_B,PORT_C,At Sea,35.5791,11.1536,16.5,226
VSL-0328,Hapag-Lloyd Jade,4090388,215214629,Malta,Hapag-Lloyd AG,Hapag-Lloyd AG,General Cargo,94.0,14.3,5.62,24905,35542,3593,15.7,2009,PORT_B,PORT_D,At Sea,32.2222,25.0211,12.3,47
VSL-0329,Hapag-Lloyd Yokohama,3651551,256371470,Malta,Hapag-Lloyd AG,Hapag-Lloyd AG,Bulk Carrier,220.3,34.1,11.21,84554,140695,14364,1.6,2023,PORT_H,PORT_C,At Sea,40.8236,16.5283,15.3,194
VSL-0330,Ever Britannia,1214610,353768342,Panama,Evergreen Marine Corporation,Evergreen Marine Corporation,Container,357.9,47.3,14.74,117856,141143,32244,1.9,2023,PORT_B,PORT_G,At Sea,25.1182,49.6409,18.2,84
VSL-0331,OOCL Constellation,8931994,477550272,Hong Kong,Orient Overseas Container Line,Orient Overseas Container Line,Container,387.2,53.4,12.89,73550,90166,59625,27.0,1998,PORT_F,PORT_B,At Sea,26.6979,23.4911,17.1,230
VSL-0332,NYK Sapphire,9635339,431550448,Japan,Nippon Yusen Kaisha,Nippon Yusen Kaisha,Feeder,120.0,19.5,5.9,10305,11748,5048,0.5,2024,PORT_B,PORT_H,At Sea,-6.8767,106.1672,13.6,210
VSL-0333,Ever Felicity,4911116,538961798,Marshall Islands,Evergreen Marine Corporation,Evergreen Marine Corporation,Bulk Carrier,274.2,44.0,10.56,97795,148505,23433,20.9,2004,PORT_H,PORT_A,At Sea,36.3752,22.9551,13.8,282
VSL-0334,NYK Santos,5538442,432630600,Japan,Nippon Yusen Kaisha,Nippon Yusen Kaisha,Bulk Carrier,179.3,28.7,10.82,25577,41677,48704,19.6,2005,PORT_F,PORT_F,At Sea,26.6657,37.822,15.1,220
VSL-0335,Hapag-Lloyd Victory,6312819,218482531,Germany,Hapag-Lloyd AG,Hapag-Lloyd AG,Container,394.2,55.2,11.16,84443,91343,61770,12.9,2012,PORT_G,PORT_A,At Sea,24.2947,25.3349,19.2,40
VSL-0336,COSCO Shipping Sapphire,6404129,412911791,China,China COSCO Shipping Corporation,China COSCO Shipping Corporation,Tanker,164.3,26.5,17.08,108474,183350,43550,12.0,2013,PORT_E,PORT_E,At Sea,39.1083,38.5756,13.9,253
VSL-0337,COSCO Shipping Jacques Saadé,6572249,477299015,Hong Kong,China COSCO Shipping Corporation,China COSCO Shipping Corporation,LNG Carrier,336.7,56.0,10.42,77047,39298,81817,4.3,2021,PORT_H,PORT_H,Departing,1.2999,103.852,0.0,2
VSL-0338,ONE Voyager,5523124,432731584,Japan,Ocean Network Express,Ocean Network Express,Container,343.2,47.7,15.56,39284,42664,23418,0.5,2024,PORT_H,PORT_G,At Sea,19.246,59.251,18.2,351
VSL-0339,NYK Pearl,7694599,431966395,Japan,Nippon Yusen Kaisha,Nippon Yusen Kaisha,LNG Carrier,318.2,51.3,11.92,77202,36784,81726,7.1,2018,PORT_B,PORT_H,At Sea,4.8802,104.6232,19.4,261
VSL-0340,MOL Victory,2531352,353251050,Panama,Mitsui O.S.K. Lines,Mitsui O.S.K. Lines,Bulk Carrier,211.5,33.8,11.62,89566,130268,48015,6.0,2019,PORT_D,PORT_H,At Sea,-2.0457,110.7619,13.9,145
VSL-0341,PIL Busan,5533076,564046117,Singapore,Pacific International Lines,Pacific International Lines,General Cargo,132.7,21.2,5.51,14731,18534,12118,17.2,2008,PORT_F,PORT_G,At Sea,29.3353,55.6415,12.9,9
VSL-0342,ZIM Leo,5171646,538561857,Marshall Islands,ZIM Integrated Shipping Services,ZIM Integrated Shipping Services,General Cargo,165.6,25.2,9.94,36907,52980,7265,14.7,2010,PORT_G,PORT_E,At Sea,21.368,35.0736,14.1,62
VSL-0343,NYK Apex,2135809,431401041,Japan,Nippon Yusen Kaisha,Nippon Yusen Kaisha,LNG Carrier,339.1,59.3,10.21,85681,45318,83018,1.2,2024,PORT_G,PORT_E,At Sea,37.9735,28.463,16.8,298
VSL-0344,OOCL Falcon,4573146,309158331,Bahamas,Orient Overseas Container Line,Orient Overseas Container Line,Tanker,181.5,30.0,18.48,87279,142784,54950,27.0,1998,PORT_H,PORT_A,At Sea,29.2242,26.2992,12.2,249
VSL-0345,CMA CGM Jade,2356790,228363146,France,CMA CGM Group,CMA CGM Group,Container,225.9,30.8,13.54,72764,83063,63206,11.4,2014,PORT_E,PORT_B,At Sea,33.7341,29.8628,17.9,56
VSL-0346,Hapag-Lloyd Legacy,6868507,218451066,Germany,Hapag-Lloyd AG,Hapag-Lloyd AG,Container,376.7,51.1,11.12,22858,28082,53770,4.8,2020,PORT_D,PORT_G,At Sea,24.3992,58.7766,16.9,55
VSL-0347,Hapag-Lloyd Triumph,4732352,218940128,Germany,Hapag-Lloyd AG,Hapag-Lloyd AG,General Cargo,144.6,21.7,9.79,12685,15935,3797,0.5,2024,PORT_H,PORT_H,Anchored,1.3139,103.8853,0.0,352
VSL-0348,ONE Glory,4120951,432907371,Japan,Ocean Network Express,Ocean Network Express,Container,249.3,32.9,10.42,38734,44363,65193,1.2,2024,PORT_A,PORT_E,At Sea,19.7466,30.913,17.2,85
VSL-0349,Ever Pathfinder,8545898,538480263,Marshall Islands,Evergreen Marine Corporation,Evergreen Marine Corporation,RoRo,193.0,28.0,6.4,37744,20911,15384,5.4,2020,PORT_C,PORT_F,At Sea,21.7369,46.154,15.7,184
VSL-0350,Yang Ming Amber,4556966,416430985,Taiwan,Yang Ming Marine Transport Corp,Yang Ming Marine Transport Corp,Container,199.6,28.1,15.52,57777,66921,27180,2.6,2022,PORT_B,PORT_G,At Sea,15.9171,51.0119,15.2,177
VSL-0351,PIL Phoenix,7414078,563349107,Singapore,Pacific International Lines,Pacific International Lines,Bulk Carrier,295.4,49.9,10.99,73269,115816,28652,1.3,2024,PORT_G,PORT_F,At Sea,30.0925,39.2147,14.0,145
VSL-0352,COSCO Shipping Leo,5366617,477494296,Hong Kong,China COSCO Shipping Corporation,China COSCO Shipping Corporation,Car Carrier,160.2,23.4,9.92,33308,15548,33842,10.0,2015,PORT_F,PORT_C,At Sea,47.1656,17.3224,17.6,69
VSL-0353,CMA CGM Amber,5857563,538667080,Marshall Islands,CMA CGM Group,CMA CGM Group,Bulk Carrier,179.9,28.1,9.83,40273,65244,47084,4.9,2020,PORT_G,PORT_G,Berthed,25.0018,55.0528,0.0,154
VSL-0354,CMA CGM Meridian,7870105,227159149,France,CMA CGM Group,CMA CGM Group,Car Carrier,166.4,24.1,8.75,35593,16901,32497,16.8,2008,PORT_F,PORT_A,At Sea,28.4293,28.2904,14.9,359
VSL-0355,MSC Valencia,9311024,636813317,Liberia,Mediterranean Shipping Company,Mediterranean Shipping Company,Container,211.7,30.4,14.44,69530,77412,32730,9.0,2016,PORT_H,PORT_G,At Sea,26.8536,56.8312,17.6,207
VSL-0356,MSC Atlas,3288378,354441975,Panama,Mediterranean Shipping Company,Mediterranean Shipping Company,Tanker,191.3,31.7,11.58,95991,162393,26712,7.6,2017,PORT_G,PORT_G,At Sea,32.0213,60.6653,12.9,14
VSL-0357,ONE Spirit,7402582,563586812,Singapore,Ocean Network Express,Ocean Network Express,Bulk Carrier,168.0,27.5,10.34,64345,98849,11363,8.4,2017,PORT_F,PORT_F,At Sea,25.6509,34.0635,14.3,71
VSL-0358,PIL Atlas,2599598,564100231,Singapore,Pacific International Lines,Pacific International Lines,Bulk Carrier,264.4,42.1,9.82,48483,74809,46646,8.3,2017,PORT_H,PORT_H,At Sea,1.8962,109.0514,14.1,121
VSL-0359,MSC Singapore,7590250,351762983,Panama,Mediterranean Shipping Company,Mediterranean Shipping Company,Container,373.8,49.6,14.37,58408,64488,68719,20.4,2005,PORT_H,PORT_H,At Sea,2.6377,112.5345,15.2,82
VSL-0360,ONE Yokohama,9815288,564339785,Singapore,Ocean Network Express,Ocean Network Express,Tanker,249.9,40.0,17.69,25913,39563,16090,25.7,1999,PORT_C,PORT_B,At Sea,26.7558,27.7691,14.1,65
VSL-0361,NYK Navigator,2418938,432690819,Japan,Nippon Yusen Kaisha,Nippon Yusen Kaisha,Car Carrier,143.9,21.2,8.24,20761,10001,25037,3.2,2022,PORT_E,PORT_A,At Sea,29.1548,31.021,16.0,102
VSL-0362,Maersk Valencia,5169916,220240107,Denmark,A.P. Moller-Maersk,A.P. Moller-Maersk,Bulk Carrier,264.7,43.4,8.84,61502,101098,39354,20.6,2004,PORT_F,PORT_G,At Sea,26.3441,48.4167,13.9,28
VSL-0363,Hapag-Lloyd Edmonton,6682173,211955356,Germany,Hapag-Lloyd AG,Hapag-Lloyd AG,Container,352.0,46.5,11.18,80813,92670,40210,9.2,2016,PORT_D,PORT_D,Waiting,37.9132,23.6489,0.0,116
VSL-0364,MSC Pioneer,2724052,353934296,Panama,Mediterranean Shipping Company,Mediterranean Shipping Company,Bulk Carrier,262.9,44.0,12.85,60578,90139,11831,12.9,2012,PORT_B,PORT_B,At Sea,33.8191,31.2563,13.1,105
VSL-0365,Ever Hamburg,8458813,351569741,Panama,Evergreen Marine Corporation,Evergreen Marine Corporation,Tanker,285.0,49.6,12.93,102189,176171,24912,10.0,2015,PORT_C,PORT_D,At Sea,33.1677,21.9904,14.9,72
VSL-0366,Ever Antwerp,7496703,354703362,Panama,Evergreen Marine Corporation,Evergreen Marine Corporation,Container,231.7,33.3,12.64,96419,106807,67746,0.5,2024,PORT_A,PORT_E,At Sea,30.1587,30.2446,19.1,13
VSL-0367,OOCL Apex,8186484,309998426,Bahamas,Orient Overseas Container Line,Orient Overseas Container Line,Cruise,320.7,41.5,8.01,155942,43245,46813,11.2,2014,PORT_D,PORT_C,At Sea,42.2865,19.8017,20.3,127
VSL-0368,MOL Atlantic,1495422,432707070,Japan,Mitsui O.S.K. Lines,Mitsui O.S.K. Lines,Car Carrier,143.7,21.2,9.14,13467,6209,16856,2.5,2022,PORT_H,PORT_H,Cargo Operations,1.2928,103.8511,0.0,209
VSL-0369,Ever Unity,2322907,538102879,Marshall Islands,Evergreen Marine Corporation,Evergreen Marine Corporation,Container,386.5,52.0,11.66,81032,97152,37073,0.5,2024,PORT_D,PORT_A,At Sea,42.7024,29.3392,17.3,131
VSL-0370,Maersk Liberty,5956163,220205955,Denmark,A.P. Moller-Maersk,A.P. Moller-Maersk,Container,365.9,48.8,15.1,74044,85245,24147,2.1,2023,PORT_F,PORT_F,Cargo Operations,21.4894,39.1895,0.0,318
VSL-0371,NYK Yokohama,3690260,431139898,Japan,Nippon Yusen Kaisha,Nippon Yusen Kaisha,Container,261.0,35.2,11.75,35006,39053,50378,0.9,2024,PORT_B,PORT_A,At Sea,26.841,23.1273,17.1,99
VSL-0372,Maersk Edmonton,7651585,219579376,Denmark,A.P. Moller-Maersk,A.P. Moller-Maersk,LNG Carrier,277.8,46.1,10.49,87015,45235,80705,3.6,2021,PORT_C,PORT_D,At Sea,29.7748,28.9949,18.8,299
VSL-0373,Yang Ming Britannia,2702169,416871206,Taiwan,Yang Ming Marine Transport Corp,Yang Ming Marine Transport Corp,General Cargo,140.6,21.6,8.98,16955,21602,4769,4.2,2021,PORT_C,PORT_B,At Sea,33.4873,29.8329,14.8,181
VSL-0374,PIL Crown,4722981,563209957,Singapore,Pacific International Lines,Pacific International Lines,Container,333.3,45.5,11.45,49339,57727,38166,13.9,2011,PORT_H,PORT_C,At Sea,38.3812,5.2052,16.5,49
VSL-0375,ONE Triumph,4214477,564324491,Singapore,Ocean Network Express,Ocean Network Express,Container,288.5,41.8,10.29,71767,79696,47209,5.7,2019,PORT_E,PORT_E,Berthing,29.9628,32.5441,0.0,260
VSL-0376,MSC Pathfinder,4967828,357741176,Panama,Mediterranean Shipping Company,Mediterranean Shipping Company,RoRo,103.3,14.4,9.61,43514,25206,19876,12.8,2012,PORT_B,PORT_C,At Sea,43.0363,-2.9214,16.3,40
VSL-0377,Maersk Shanghai,9618537,563032963,Singapore,A.P. Moller-Maersk,A.P. Moller-Maersk,RoRo,126.7,19.1,6.3,13798,7798,15377,4.8,2020,PORT_E,PORT_H,At Sea,2.6628,100.6149,16.5,254
VSL-0378,Ever Pacific,9357822,538347769,Marshall Islands,Evergreen Marine Corporation,Evergreen Marine Corporation,Bulk Carrier,179.8,27.6,13.26,95820,138238,44286,11.1,2014,PORT_H,PORT_E,At Sea,32.2265,34.474,14.9,147
VSL-0379,Yang Ming Savannah,9630444,355360854,Panama,Yang Ming Marine Transport Corp,Yang Ming Marine Transport Corp,Bulk Carrier,217.1,35.6,9.48,51113,77293,17047,25.0,2000,PORT_G,PORT_G,At Sea,16.0137,59.6296,12.1,133
VSL-0380,COSCO Shipping Yokohama,9952983,412061558,China,China COSCO Shipping Corporation,China COSCO Shipping Corporation,Cruise,242.9,32.1,9.18,87577,26578,71833,3.0,2022,PORT_A,PORT_D,At Sea,39.7293,28.9686,21.6,117
VSL-0381,MOL Amber,8670241,432033041,Japan,Mitsui O.S.K. Lines,Mitsui O.S.K. Lines,Bulk Carrier,174.2,26.7,10.24,50138,82010,32118,2.3,2023,PORT_G,PORT_G,At Sea,24.813,51.7539,15.0,138
VSL-0382,NYK Poseidon,3945689,431447314,Japan,Nippon Yusen Kaisha,Nippon Yusen Kaisha,LNG Carrier,257.3,43.9,11.01,119244,60020,79305,0.5,2024,PORT_H,PORT_H,Cargo Operations,1.2875,103.8486,0.0,113
VSL-0383,NYK Triumph,3906372,432791452,Japan,Nippon Yusen Kaisha,Nippon Yusen Kaisha,Feeder,99.3,15.0,5.45,13799,16551,4732,2.2,2023,PORT_B,PORT_B,At Sea,33.2594,39.6415,13.2,42
VSL-0384,Hapag-Lloyd Istanbul,3878757,229577881,Malta,Hapag-Lloyd AG,Hapag-Lloyd AG,Container,315.6,45.0,12.84,92303,101937,49198,2.1,2023,PORT_G,PORT_G,Berthing,25.014,55.0575,0.0,6
VSL-0385,PIL Harmony,9592240,563958947,Singapore,Pacific International Lines,Pacific International Lines,Container,344.6,47.5,11.0,63760,69461,68651,0.5,2024,PORT_F,PORT_C,At Sea,43.6173,5.3749,17.5,242
VSL-0386,ZIM Eagle,1097921,538583503,Marshall Islands,ZIM Integrated Shipping Services,ZIM Integrated Shipping Services,Container,271.6,36.5,10.9,26704,31663,68894,3.0,2022,PORT_G,PORT_E,At Sea,30.5744,26.9095,19.1,328
VSL-0387,ONE Neptune,9732034,563192227,Singapore,Ocean Network Express,Ocean Network Express,General Cargo,87.7,13.0,5.76,30573,43234,7199,2.4,2023,PORT_F,PORT_F,Approaching,21.8763,39.1059,7.5,70
VSL-0388,Ever Savannah,8193243,538687741,Marshall Islands,Evergreen Marine Corporation,Evergreen Marine Corporation,Tanker,234.7,39.4,16.31,48092,77794,37516,1.0,2024,PORT_G,PORT_F,At Sea,24.0101,36.3624,15.0,177
VSL-0389,MSC Odyssey,5830943,637154809,Liberia,Mediterranean Shipping Company,Mediterranean Shipping Company,RoRo,125.7,17.9,8.24,44922,25686,28666,3.9,2021,PORT_E,PORT_H,At Sea,7.2708,103.6898,14.5,129
VSL-0390,CMA CGM Falcon,3509227,226610705,France,CMA CGM Group,CMA CGM Group,Bulk Carrier,158.6,25.9,11.43,17586,27060,38721,5.1,2020,PORT_E,PORT_D,At Sea,37.2666,15.1155,13.1,162
VSL-0391,COSCO Shipping Antwerp,4127040,412862044,China,China COSCO Shipping Corporation,China COSCO Shipping Corporation,Cruise,227.1,30.8,9.96,141098,41763,51481,0.5,2024,PORT_B,PORT_F,At Sea,24.9213,33.469,22.3,44
VSL-0392,MOL Istanbul,5713432,431406424,Japan,Mitsui O.S.K. Lines,Mitsui O.S.K. Lines,Tanker,238.7,40.1,10.28,26331,46684,47829,1.6,2023,PORT_F,PORT_G,At Sea,26.6216,59.003,14.4,151
VSL-0393,PIL Savannah,4962892,564543588,Singapore,Pacific International Lines,Pacific International Lines,Bulk Carrier,215.9,34.9,8.55,45188,73734,24544,11.8,2013,PORT_E,PORT_B,At Sea,33.0025,39.2166,13.2,111
VSL-0394,OOCL Leo,1502677,309512542,Bahamas,Orient Overseas Container Line,Orient Overseas Container Line,Tanker,165.3,27.8,10.27,78566,126985,23389,1.2,2024,PORT_C,PORT_A,At Sea,26.4498,25.6458,12.7,204
VSL-0395,COSCO Shipping Busan,6649690,412282498,China,China COSCO Shipping Corporation,China COSCO Shipping Corporation,Tanker,201.4,32.0,16.96,73286,129222,36715,4.1,2021,PORT_C,PORT_C,At Sea,46.4819,0.5482,13.0,27
VSL-0396,MOL Pathfinder,7251787,432376731,Japan,Mitsui O.S.K. Lines,Mitsui O.S.K. Lines,VLCC,324.7,53.2,21.06,144119,237983,87522,1.4,2024,PORT_F,PORT_C,At Sea,41.6159,14.2384,12.6,217
VSL-0397,ONE Premier,9961324,432303461,Japan,Ocean Network Express,Ocean Network Express,General Cargo,133.4,21.3,6.73,28445,36423,17553,0.5,2024,PORT_C,PORT_G,At Sea,23.6965,58.3122,14.5,345
VSL-0398,PIL Rotterdam,6025296,564707660,Singapore,Pacific International Lines,Pacific International Lines,LNG Carrier,253.3,43.6,11.92,99521,49481,56541,9.2,2016,PORT_E,PORT_B,At Sea,33.8592,24.6956,17.8,242
VSL-0399,Maersk Star,5943893,220607401,Denmark,A.P. Moller-Maersk,A.P. Moller-Maersk,RoRo,201.3,30.4,9.89,12131,7067,11934,4.4,2021,PORT_H,PORT_H,Approaching,1.8581,103.375,9.7,351
VSL-0400,NYK Leo,3218127,431764579,Japan,Nippon Yusen Kaisha,Nippon Yusen Kaisha,Bulk Carrier,213.9,33.8,12.05,80180,122630,10941,2.5,2022,PORT_H,PORT_A,At Sea,29.2719,31.9023,15.6,326
VSL-0401,CMA CGM Singapore,1613945,538988305,Marshall Islands,CMA CGM Group,CMA CGM Group,Car Carrier,128.1,19.0,9.03,39565,17521,18444,8.1,2017,PORT_D,PORT_G,At Sea,23.2307,50.6581,18.9,95
VSL-0402,CMA CGM Harmony,7951337,538531949,Marshall Islands,CMA CGM Group,CMA CGM Group,Bulk Carrier,250.7,40.1,11.63,92328,132088,37128,2.5,2022,PORT_G,PORT_F,At Sea,14.1624,40.3121,13.1,163
VSL-0403,MSC Felicity,7851381,353445770,Panama,Mediterranean Shipping Company,Mediterranean Shipping Company,Bulk Carrier,216.7,35.6,10.77,78118,116350,18425,9.6,2015,PORT_C,PORT_F,At Sea,14.8967,43.0574,13.4,11
VSL-0404,COSCO Shipping Voyager,2268656,477694551,Hong Kong,China COSCO Shipping Corporation,China COSCO Shipping Corporation,RoRo,134.1,19.5,8.98,44618,26302,16256,6.2,2019,PORT_F,PORT_G,At Sea,21.5097,57.4722,15.8,230
VSL-0405,Maersk Constellation,6630936,563998199,Singapore,A.P. Moller-Maersk,A.P. Moller-Maersk,Container,372.1,52.5,12.4,20333,24069,61833,11.5,2014,PORT_A,PORT_F,At Sea,25.5482,46.1879,16.8,320
VSL-0406,CMA CGM Eagle,3273529,538103977,Marshall Islands,CMA CGM Group,CMA CGM Group,Tanker,175.5,29.4,13.07,86352,150766,54758,8.5,2016,PORT_H,PORT_D,At Sea,47.7624,21.9451,13.3,309
VSL-0407,Hapag-Lloyd Amber,6164810,215770460,Malta,Hapag-Lloyd AG,Hapag-Lloyd AG,LNG Carrier,332.8,56.8,11.82,87140,44839,78881,0.6,2024,PORT_H,PORT_G,At Sea,32.8642,61.0443,19.0,134
VSL-0408,Yang Ming Legacy,1517737,357454757,Panama,Yang Ming Marine Transport Corp,Yang Ming Marine Transport Corp,RoRo,169.6,24.0,9.17,34713,18307,16062,8.5,2016,PORT_E,PORT_A,At Sea,36.9466,37.6265,15.6,189
VSL-0409,CMA CGM Star,6430398,538290458,Marshall Islands,CMA CGM Group,CMA CGM Group,Tanker,281.3,47.9,12.37,83856,142198,40543,2.9,2022,PORT_G,PORT_H,At Sea,5.2145,111.0324,14.6,176
VSL-0410,Yang Ming Constellation,1534333,416491357,Taiwan,Yang Ming Marine Transport Corp,Yang Ming Marine Transport Corp,General Cargo,138.7,21.7,7.51,23316,33344,8669,20.8,2004,PORT_A,PORT_D,At Sea,31.7787,30.7574,13.7,168
VSL-0411,MOL Singapore,3372090,432841312,Japan,Mitsui O.S.K. Lines,Mitsui O.S.K. Lines,Tanker,206.2,35.4,19.58,95887,156863,39197,0.7,2024,PORT_A,PORT_D,At Sea,34.2689,21.4478,14.3,297
VSL-0412,Yang Ming Odyssey,8939740,416961739,Taiwan,Yang Ming Marine Transport Corp,Yang Ming Marine Transport Corp,Tanker,176.7,29.4,18.7,22699,37105,50550,0.6,2024,PORT_H,PORT_A,At Sea,27.4294,32.408,13.8,168
VSL-0413,Yang Ming Voyager,7058771,416216417,Taiwan,Yang Ming Marine Transport Corp,Yang Ming Marine Transport Corp,Tanker,247.4,40.3,19.47,45566,75921,54026,2.3,2023,PORT_C,PORT_D,At Sea,38.7296,13.884,15.3,109
VSL-0414,ONE Phoenix,6229256,432964347,Japan,Ocean Network Express,Ocean Network Express,Bulk Carrier,195.8,30.7,12.6,55109,87768,37389,21.0,2004,PORT_E,PORT_E,Berthed,29.9674,32.5461,0.0,181
VSL-0415,MSC Antwerp,3445055,354658833,Panama,Mediterranean Shipping Company,Mediterranean Shipping Company,LNG Carrier,280.0,48.7,10.62,109430,50822,80507,0.5,2024,PORT_H,PORT_E,At Sea,30.1023,35.6155,18.5,303
VSL-0416,OOCL Poseidon,6105486,309417215,Bahamas,Orient Overseas Container Line,Orient Overseas Container Line,Tanker,325.1,54.1,9.51,78666,125233,45951,19.2,2006,PORT_G,PORT_G,Cargo Operations,25.0165,55.0675,0.0,301
VSL-0417,MSC Spirit,5573258,354375534,Panama,Mediterranean Shipping Company,Mediterranean Shipping Company,Bulk Carrier,180.0,28.3,8.53,35844,55834,32909,11.5,2014,PORT_A,PORT_C,At Sea,41.7066,10.6271,14.7,202
VSL-0418,ZIM Valencia,8749511,538918182,Marshall Islands,ZIM Integrated Shipping Services,ZIM Integrated Shipping Services,Car Carrier,183.8,28.0,9.66,14290,6940,34741,3.7,2021,PORT_B,PORT_H,At Sea,9.3824,103.4913,16.9,220
VSL-0419,NYK Antwerp,7694094,431035624,Japan,Nippon Yusen Kaisha,Nippon Yusen Kaisha,Car Carrier,157.3,23.1,9.78,49785,22673,13805,3.2,2022,PORT_F,PORT_F,Approaching,20.9555,38.4081,9.3,102
VSL-0420,MSC Sapphire,2851556,352334264,Panama,Mediterranean Shipping Company,Mediterranean Shipping Company,RoRo,168.9,25.5,7.42,40571,21265,27079,1.3,2024,PORT_D,PORT_F,At Sea,23.1236,37.5996,16.4,192
VSL-0421,Maersk Endeavor,8981236,219795563,Denmark,A.P. Moller-Maersk,A.P. Moller-Maersk,Container,370.9,50.0,15.13,40858,49024,24362,4.6,2020,PORT_B,PORT_F,At Sea,14.7204,38.8081,17.7,233
VSL-0422,Maersk Hamburg,7045023,563290282,Singapore,A.P. Moller-Maersk,A.P. Moller-Maersk,Container,263.6,35.9,12.52,116156,124289,26803,3.6,2021,PORT_H,PORT_A,At Sea,32.0442,27.4484,18.9,190
VSL-0423,MSC Pearl,4654952,351050702,Panama,Mediterranean Shipping Company,Mediterranean Shipping Company,General Cargo,162.3,25.7,7.1,11112,15406,10778,1.3,2024,PORT_A,PORT_A,Waiting,31.2039,29.9463,0.0,268
VSL-0424,Hapag-Lloyd Sapphire,2904779,248258591,Malta,Hapag-Lloyd AG,Hapag-Lloyd AG,Container,202.0,29.4,12.09,42269,48333,42154,0.5,2024,PORT_D,PORT_C,At Sea,47.2841,11.9832,16.9,73
VSL-0425,Ever Busan,5652901,356603202,Panama,Evergreen Marine Corporation,Evergreen Marine Corporation,Container,198.1,26.8,10.57,60383,65937,64572,0.9,2024,PORT_D,PORT_C,At Sea,50.3615,9.3688,16.0,96
VSL-0426,MOL Jade,5245784,354158415,Panama,Mitsui O.S.K. Lines,Mitsui O.S.K. Lines,General Cargo,161.7,25.0,7.89,20823,26392,6222,7.8,2017,PORT_A,PORT_C,At Sea,47.3198,8.4708,13.0,56
VSL-0427,ZIM Atlas,8323032,538892988,Marshall Islands,ZIM Integrated Shipping Services,ZIM Integrated Shipping Services,Container,336.8,48.8,10.76,54762,67675,43723,6.4,2019,PORT_F,PORT_D,At Sea,46.8755,23.4814,18.1,348
VSL-0428,COSCO Shipping Harmony,6468670,413524014,China,China COSCO Shipping Corporation,China COSCO Shipping Corporation,Container,319.5,46.3,13.71,104323,122077,58053,1.3,2024,PORT_E,PORT_D,At Sea,29.4286,16.3133,18.5,34
VSL-0429,COSCO Shipping Liberty,1342613,477372450,Hong Kong,China COSCO Shipping Corporation,China COSCO Shipping Corporation,Container,270.3,39.2,10.86,102244,112736,58700,13.2,2012,PORT_E,PORT_B,At Sea,23.3437,26.6657,17.7,63
VSL-0430,PIL Eagle,9274381,563199537,Singapore,Pacific International Lines,Pacific International Lines,Tanker,263.7,45.6,10.69,98980,175062,48941,10.2,2015,PORT_G,PORT_G,At Sea,27.0361,56.6355,14.8,143
VSL-0431,MSC Triumph,3973961,637178996,Liberia,Mediterranean Shipping Company,Mediterranean Shipping Company,LNG Carrier,319.6,51.9,11.81,114818,56092,63153,8.8,2016,PORT_G,PORT_A,At Sea,24.4406,25.6099,19.4,294
VSL-0432,MSC Navigator,7980663,636392051,Liberia,Mediterranean Shipping Company,Mediterranean Shipping Company,Container,392.7,56.3,11.43,78012,92847,56046,7.4,2018,PORT_G,PORT_A,At Sea,36.6339,22.3843,15.4,129
VSL-0433,PIL Unity,3885657,563715598,Singapore,Pacific International Lines,Pacific International Lines,Bulk Carrier,252.5,40.0,10.11,97075,155260,21065,12.2,2013,PORT_D,PORT_F,At Sea,29.7626,45.2941,13.4,160
VSL-0434,ONE Busan,2501395,432884882,Japan,Ocean Network Express,Ocean Network Express,General Cargo,143.9,21.8,8.78,12075,16139,15839,5.3,2020,PORT_B,PORT_D,At Sea,37.2402,20.791,11.4,339
VSL-0435,COSCO Shipping Crown,3824079,412333732,China,China COSCO Shipping Corporation,China COSCO Shipping Corporation,Bulk Carrier,189.5,29.4,12.3,60290,100269,25870,20.3,2005,PORT_D,PORT_A,At Sea,20.683,31.0294,12.2,290
VSL-0436,COSCO Shipping Victory,1253898,477187851,Hong Kong,China COSCO Shipping Corporation,China COSCO Shipping Corporation,Container,220.9,30.3,13.11,59961,66324,49621,18.6,2006,PORT_D,PORT_F,At Sea,15.8646,31.931,17.9,283
VSL-0437,CMA CGM Glory,8057217,538149409,Marshall Islands,CMA CGM Group,CMA CGM Group,LNG Carrier,271.3,45.6,10.54,128562,59804,68409,4.6,2020,PORT_C,PORT_G,At Sea,21.0445,56.2905,17.4,169
VSL-0438,Maersk Pacific,8623391,219207151,Denmark,A.P. Moller-Maersk,A.P. Moller-Maersk,Container,355.7,49.8,13.05,60714,73873,58782,31.4,1994,PORT_G,PORT_G,At Sea,17.6289,61.8795,16.7,242
VSL-0439,COSCO Shipping Navigator,5718406,412805120,China,China COSCO Shipping Corporation,China COSCO Shipping Corporation,Container,255.5,35.5,10.58,55515,60620,55948,16.9,2008,PORT_A,PORT_A,Berthed,31.1901,29.9177,0.0,14
VSL-0440,OOCL Pathfinder,7282700,477814415,Hong Kong,Orient Overseas Container Line,Orient Overseas Container Line,Car Carrier,165.4,25.1,8.75,14636,6623,14309,8.1,2017,PORT_C,PORT_B,At Sea,25.7075,28.0761,19.0,232
VSL-0441,MOL Meridian,5079185,431589988,Japan,Mitsui O.S.K. Lines,Mitsui O.S.K. Lines,Feeder,98.4,15.4,5.17,7823,9186,1814,6.5,2018,PORT_D,PORT_E,At Sea,25.0431,34.2229,11.8,101
VSL-0442,MOL Jacques Saadé,8031495,431508004,Japan,Mitsui O.S.K. Lines,Mitsui O.S.K. Lines,Bulk Carrier,244.0,38.7,10.43,47050,72742,29618,5.4,2020,PORT_F,PORT_A,At Sea,27.085,20.546,12.7,91
VSL-0443,NYK Legacy,3990062,431140352,Japan,Nippon Yusen Kaisha,Nippon Yusen Kaisha,Tanker,275.8,44.7,9.49,37733,60469,35575,1.6,2023,PORT_D,PORT_D,Departing,37.9374,23.6468,0.0,22
VSL-0444,Ever Legacy,6066642,538749060,Marshall Islands,Evergreen Marine Corporation,Evergreen Marine Corporation,Container,311.7,44.2,13.73,45818,56081,66264,9.1,2016,PORT_H,PORT_C,At Sea,45.8683,17.4355,18.2,326
VSL-0445,Hapag-Lloyd Discovery,4941161,229187328,Malta,Hapag-Lloyd AG,Hapag-Lloyd AG,Container,215.0,30.6,14.75,26650,32880,47773,1.5,2024,PORT_H,PORT_H,Departing,1.2896,103.8422,0.0,19
VSL-0446,OOCL Yokohama,8335097,477254257,Hong Kong,Orient Overseas Container Line,Orient Overseas Container Line,LNG Carrier,267.5,44.3,11.53,126448,59610,59670,7.6,2017,PORT_A,PORT_G,At Sea,30.4896,53.1578,18.1,321
VSL-0447,CMA CGM Emerald,1116882,538550213,Marshall Islands,CMA CGM Group,CMA CGM Group,Container,324.8,45.2,12.63,107133,124324,25330,2.3,2023,PORT_A,PORT_A,At Sea,32.388,19.8528,17.9,61
VSL-0448,NYK Liberty,9457725,432853242,Japan,Nippon Yusen Kaisha,Nippon Yusen Kaisha,LNG Carrier,322.4,53.6,10.07,108190,54714,50791,13.9,2011,PORT_G,PORT_G,Berthed,25.02,55.0676,0.0,188
VSL-0449,CMA CGM Savannah,3666776,538675556,Marshall Islands,CMA CGM Group,CMA CGM Group,RoRo,151.8,23.1,7.2,9574,5676,17028,16.9,2008,PORT_D,PORT_D,At Sea,39.4514,27.526,16.2,337
VSL-0450,Yang Ming Triumph,4960337,353826862,Panama,Yang Ming Marine Transport Corp,Yang Ming Marine Transport Corp,Car Carrier,149.1,22.2,8.93,44772,19802,29801,3.8,2021,PORT_A,PORT_A,Berthed,31.2039,29.9177,0.0,341
VSL-0451,OOCL Busan,1110008,477155323,Hong Kong,Orient Overseas Container Line,Orient Overseas Container Line,Container,396.4,56.7,14.08,96924,105233,52779,6.8,2018,PORT_B,PORT_F,At Sea,18.1968,46.7249,19.7,228
VSL-0452,Hapag-Lloyd Phoenix,4312712,215267672,Malta,Hapag-Lloyd AG,Hapag-Lloyd AG,Tanker,279.6,45.0,12.19,27337,44494,40284,18.5,2006,PORT_F,PORT_H,At Sea,4.5499,110.9899,15.5,343
VSL-0453,CMA CGM Voyager,5415975,226996254,France,CMA CGM Group,CMA CGM Group,Tanker,310.6,50.7,19.87,99557,161473,18100,1.2,2024,PORT_E,PORT_A,At Sea,36.9234,26.0731,12.3,26
VSL-0454,ONE Emerald,2909042,432376604,Japan,Ocean Network Express,Ocean Network Express,General Cargo,150.1,24.2,6.32,39865,55167,8062,2.5,2022,PORT_F,PORT_F,At Sea,27.5697,31.2008,13.1,175
VSL-0455,ONE Jade,6213128,431293110,Japan,Ocean Network Express,Ocean Network Express,Container,256.2,35.4,11.57,39290,46426,35518,0.7,2024,PORT_F,PORT_B,At Sea,28.7589,29.7632,17.0,235
VSL-0456,MSC Apex,3016581,352737927,Panama,Mediterranean Shipping Company,Mediterranean Shipping Company,General Cargo,113.1,18.1,8.32,26439,38129,3842,1.2,2024,PORT_A,PORT_H,At Sea,5.1363,104.0027,13.3,73
VSL-0457,COSCO Shipping Phoenix,9496848,477645380,Hong Kong,China COSCO Shipping Corporation,China COSCO Shipping Corporation,LNG Carrier,304.7,52.6,10.38,78680,40953,80466,1.7,2023,PORT_E,PORT_E,At Sea,38.7363,36.3209,19.5,32
VSL-0458,NYK Jacques Saadé,5959191,432575757,Japan,Nippon Yusen Kaisha,Nippon Yusen Kaisha,Tanker,313.5,54.3,9.66,87519,143157,34354,9.0,2016,PORT_H,PORT_F,At Sea,21.2543,31.7246,13.8,353
VSL-0459,Yang Ming Star,6602563,416650622,Taiwan,Yang Ming Marine Transport Corp,Yang Ming Marine Transport Corp,Bulk Carrier,219.7,35.3,10.77,93492,154166,43859,28.7,1996,PORT_C,PORT_D,At Sea,35.653,25.5009,13.7,76
VSL-0460,OOCL Rotterdam,6627056,308157942,Bahamas,Orient Overseas Container Line,Orient Overseas Container Line,Bulk Carrier,179.7,28.3,10.98,28456,41919,43191,15.4,2010,PORT_H,PORT_D,At Sea,44.083,24.1416,13.3,322
VSL-0461,CMA CGM Pathfinder,1075636,538535748,Marshall Islands,CMA CGM Group,CMA CGM Group,Bulk Carrier,242.8,38.7,11.67,65924,105264,31185,3.3,2022,PORT_F,PORT_D,At Sea,48.7003,21.2684,14.5,323
VSL-0462,MOL Star,1877943,351763425,Panama,Mitsui O.S.K. Lines,Mitsui O.S.K. Lines,Tanker,314.9,52.8,16.79,74063,129840,51599,2.3,2023,PORT_A,PORT_H,At Sea,-1.7037,100.5362,13.1,247
VSL-0463,OOCL Voyager,7388437,309044324,Bahamas,Orient Overseas Container Line,Orient Overseas Container Line,Tanker,293.2,47.4,19.52,62592,108411,29137,17.2,2008,PORT_G,PORT_B,At Sea,32.1776,26.6882,15.1,75
VSL-0464,OOCL Eagle,2925010,308587525,Bahamas,Orient Overseas Container Line,Orient Overseas Container Line,Tanker,224.9,37.3,10.73,58860,92423,29133,22.1,2003,PORT_G,PORT_A,At Sea,26.1745,23.3283,12.6,17
VSL-0465,Maersk Spirit,1823150,220516517,Denmark,A.P. Moller-Maersk,A.P. Moller-Maersk,General Cargo,112.4,17.7,8.78,6378,8606,10675,10.3,2015,PORT_A,PORT_G,At Sea,18.3264,60.1781,13.2,79
VSL-0466,MSC Horizon,7003324,357285566,Panama,Mediterranean Shipping Company,Mediterranean Shipping Company,Tanker,175.2,28.4,11.28,32633,50024,49324,16.2,2009,PORT_E,PORT_H,At Sea,0.7989,101.6695,13.2,102
VSL-0467,ZIM Istanbul,4858625,538945354,Marshall Islands,ZIM Integrated Shipping Services,ZIM Integrated Shipping Services,General Cargo,100.9,15.3,7.91,5250,7539,13527,7.0,2018,PORT_E,PORT_H,At Sea,-0.5323,102.4662,13.0,333
VSL-0468,PIL Britannia,9438042,563325376,Singapore,Pacific International Lines,Pacific International Lines,General Cargo,157.0,25.2,6.02,8944,11506,8811,0.9,2024,PORT_H,PORT_G,At Sea,29.0804,61.9681,11.7,146
VSL-0469,MSC Endurance,6921050,636365146,Liberia,Mediterranean Shipping Company,Mediterranean Shipping Company,Car Carrier,173.4,25.0,9.88,14951,6244,12681,0.5,2024,PORT_E,PORT_A,At Sea,27.6711,40.323,17.1,134
VSL-0470,MSC Voyager,3798440,351971231,Panama,Mediterranean Shipping Company,Mediterranean Shipping Company,Tanker,318.5,55.5,19.82,102140,176425,20414,8.1,2017,PORT_G,PORT_A,At Sea,29.0386,30.8961,13.2,6
VSL-0471,Ever Odyssey,7009689,356730451,Panama,Evergreen Marine Corporation,Evergreen Marine Corporation,Tanker,167.5,27.9,9.69,88797,153593,27637,2.6,2022,PORT_H,PORT_H,At Sea,-3.9174,109.1721,14.1,190
VSL-0472,CMA CGM Antwerp,8656192,538255778,Marshall Islands,CMA CGM Group,CMA CGM Group,RoRo,164.9,23.9,7.28,31654,18757,16954,6.9,2018,PORT_C,PORT_C,Approaching,43.6523,10.0686,10.8,74
VSL-0473,Maersk Antwerp,1880811,563482357,Singapore,A.P. Moller-Maersk,A.P. Moller-Maersk,General Cargo,134.0,21.3,9.16,10579,13609,14981,1.2,2024,PORT_F,PORT_G,At Sea,28.0626,48.5047,11.6,112
VSL-0474,NYK Istanbul,7214363,432381300,Japan,Nippon Yusen Kaisha,Nippon Yusen Kaisha,Tanker,287.5,46.3,16.57,108891,185245,25161,8.3,2017,PORT_B,PORT_D,At Sea,38.5689,19.8345,14.4,60
VSL-0475,MSC Unity,6816994,637706071,Liberia,Mediterranean Shipping Company,Mediterranean Shipping Company,Bulk Carrier,203.6,31.9,10.42,74314,113869,22008,3.9,2021,PORT_B,PORT_B,At Sea,33.4211,28.4055,14.2,323
VSL-0476,OOCL Zenith,2290879,477749680,Hong Kong,Orient Overseas Container Line,Orient Overseas Container Line,Feeder,91.8,14.3,6.25,5137,6438,7888,0.5,2024,PORT_B,PORT_H,At Sea,-2.2785,104.9668,12.2,307
VSL-0477,COSCO Shipping Premier,3711222,477990775,Hong Kong,China COSCO Shipping Corporation,China COSCO Shipping Corporation,Bulk Carrier,166.5,25.5,8.93,86176,139466,17964,5.3,2020,PORT_G,PORT_A,At Sea,38.4709,24.4744,13.6,188
VSL-0478,Yang Ming Meridian,2102199,416378584,Taiwan,Yang Ming Marine Transport Corp,Yang Ming Marine Transport Corp,General Cargo,90.6,13.3,7.37,14761,19171,11359,4.4,2021,PORT_C,PORT_G,At Sea,28.0705,55.8408,13.1,359
VSL-0479,ONE Liberty,3377739,563268812,Singapore,Ocean Network Express,Ocean Network Express,Bulk Carrier,205.8,33.3,11.06,16034,24071,30982,2.5,2022,PORT_C,PORT_B,At Sea,38.0232,31.8688,14.7,37
VSL-0480,Hapag-Lloyd Glory,5679325,218986239,Germany,Hapag-Lloyd AG,Hapag-Lloyd AG,Tanker,202.0,32.9,17.29,95258,146102,31277,2.0,2023,PORT_H,PORT_B,At Sea,37.4684,33.5213,14.3,74
VSL-0481,Ever Falcon,6989997,538751758,Marshall Islands,Evergreen Marine Corporation,Evergreen Marine Corporation,Car Carrier,123.2,18.4,8.55,22671,10751,26254,34.5,1990,PORT_B,PORT_E,At Sea,37.5618,29.2171,16.1,147
VSL-0482,ZIM Emerald,3798218,538339527,Marshall Islands,ZIM Integrated Shipping Services,ZIM Integrated Shipping Services,General Cargo,102.8,16.6,9.63,16345,20978,6591,1.7,2023,PORT_G,PORT_H,At Sea,9.6476,100.0754,12.1,130
VSL-0483,Ever Jade,3406798,538766512,Marshall Islands,Evergreen Marine Corporation,Evergreen Marine Corporation,General Cargo,105.3,15.7,9.83,33459,48307,17758,0.5,2024,PORT_F,PORT_A,At Sea,33.3791,30.9501,13.2,55
VSL-0484,ONE Pacific,4633398,564853208,Singapore,Ocean Network Express,Ocean Network Express,Tanker,205.6,35.6,17.62,103168,172040,45902,1.8,2023,PORT_D,PORT_C,At Sea,48.9825,-0.0275,14.3,82
VSL-0485,Maersk Istanbul,4699677,219311677,Denmark,A.P. Moller-Maersk,A.P. Moller-Maersk,Container,342.9,49.3,15.87,46972,51606,45340,0.8,2024,PORT_G,PORT_G,At Sea,25.2207,52.8397,19.3,105
VSL-0486,ONE Star,9626338,432564343,Japan,Ocean Network Express,Ocean Network Express,Cruise,278.6,37.6,9.37,113350,35845,49493,5.5,2020,PORT_H,PORT_A,At Sea,23.0272,26.4859,20.6,11
VSL-0487,CMA CGM Vanguard,3650313,226980418,France,CMA CGM Group,CMA CGM Group,Bulk Carrier,201.8,31.2,10.29,56731,84485,38967,19.2,2006,PORT_H,PORT_H,Berthed,1.283,103.8428,0.0,223
VSL-0488,ZIM Falcon,2303913,538142817,Marshall Islands,ZIM Integrated Shipping Services,ZIM Integrated Shipping Services,Bulk Carrier,287.4,44.5,9.37,41485,59694,30820,2.1,2023,PORT_F,PORT_C,At Sea,47.6215,7.4714,13.6,125
VSL-0489,CMA CGM Horizon,2239590,538737213,Marshall Islands,CMA CGM Group,CMA CGM Group,Car Carrier,146.0,23.0,8.34,22348,9886,30332,5.6,2019,PORT_A,PORT_B,At Sea,39.0318,41.217,16.5,250
VSL-0490,MOL Unity,2872031,351954196,Panama,Mitsui O.S.K. Lines,Mitsui O.S.K. Lines,General Cargo,119.5,19.2,7.71,19136,25230,10875,26.2,1999,PORT_E,PORT_F,At Sea,19.2585,39.3596,13.4,8
VSL-0491,Hapag-Lloyd Eagle,5372604,229214505,Malta,Hapag-Lloyd AG,Hapag-Lloyd AG,Container,350.5,46.9,14.5,64994,78256,50340,11.4,2014,PORT_G,PORT_G,At Sea,24.2517,57.7359,18.2,20
VSL-0492,MSC Jade,8507652,357975954,Panama,Mediterranean Shipping Company,Mediterranean Shipping Company,Feeder,120.8,18.5,5.44,6582,8520,2354,20.4,2005,PORT_B,PORT_H,At Sea,-7.4681,107.7444,10.2,263
VSL-0493,Yang Ming Rotterdam,2231964,353630040,Panama,Yang Ming Marine Transport Corp,Yang Ming Marine Transport Corp,Container,351.4,50.9,14.37,76635,86409,25229,27.6,1997,PORT_D,PORT_D,Berthed,37.9384,23.6339,0.0,77
VSL-0494,MOL Pioneer,7271177,432957498,Japan,Mitsui O.S.K. Lines,Mitsui O.S.K. Lines,Bulk Carrier,235.2,36.2,13.94,32902,52852,49641,1.4,2024,PORT_F,PORT_F,At Sea,17.8995,32.8619,14.6,349
VSL-0495,Hapag-Lloyd Horizon,4128331,229721885,Malta,Hapag-Lloyd AG,Hapag-Lloyd AG,Bulk Carrier,239.1,37.9,13.38,34226,53125,10889,5.3,2020,PORT_G,PORT_G,At Sea,22.6831,62.364,12.7,124
VSL-0496,Yang Ming Glory,5143778,354936634,Panama,Yang Ming Marine Transport Corp,Yang Ming Marine Transport Corp,Container,285.9,39.5,15.57,26632,32171,37069,17.6,2007,PORT_C,PORT_F,At Sea,19.8164,42.3582,17.2,42
VSL-0497,MSC Falcon,2245599,351245109,Panama,Mediterranean Shipping Company,Mediterranean Shipping Company,Container,342.2,48.9,10.9,62854,74565,65035,21.8,2003,PORT_A,PORT_A,At Sea,34.8256,39.4692,17.6,87
VSL-0498,CMA CGM Pioneer,9428176,538406527,Marshall Islands,CMA CGM Group,CMA CGM Group,Cruise,331.9,42.4,8.47,77426,23647,48114,14.5,2010,PORT_F,PORT_E,At Sea,28.6123,27.8038,19.1,120
VSL-0499,Maersk Crown,2145593,219766189,Denmark,A.P. Moller-Maersk,A.P. Moller-Maersk,Car Carrier,187.8,27.1,9.33,20000,8365,21532,9.7,2015,PORT_D,PORT_H,At Sea,-4.3401,110.3004,17.8,200
VSL-0500,CMA CGM Unity,1752026,538897432,Marshall Islands,CMA CGM Group,CMA CGM Group,Container,194.5,27.0,10.19,105306,124170,34104,1.7,2023,PORT_A,PORT_F,At Sea,24.3176,30.5161,17.9,247
VSL-0501,OOCL Odyssey,8798483,308450691,Bahamas,Orient Overseas Container Line,Orient Overseas Container Line,Car Carrier,197.5,30.7,8.4,17616,7640,27008,15.6,2009,PORT_G,PORT_H,At Sea,-7.3494,96.8155,16.6,118
VSL-0502,OOCL Unity,4083036,309360601,Bahamas,Orient Overseas Container Line,Orient Overseas Container Line,Feeder,118.4,19.4,4.67,5441,6705,7240,15.3,2010,PORT_E,PORT_G,At Sea,26.4765,53.4695,11.4,156
VSL-0503,Hapag-Lloyd Emerald,2830617,248370124,Malta,Hapag-Lloyd AG,Hapag-Lloyd AG,RoRo,179.6,27.2,7.99,29466,17127,19749,6.4,2019,PORT_E,PORT_E,At Sea,35.082,29.1205,14.1,104
VSL-0504,MSC Liberty,4217510,355878179,Panama,Mediterranean Shipping Company,Mediterranean Shipping Company,RoRo,143.4,21.4,9.06,18684,9579,29953,9.4,2016,PORT_B,PORT_F,At Sea,15.5151,47.0612,15.2,128
VSL-0505,COSCO Shipping Falcon,7566182,477239791,Hong Kong,China COSCO Shipping Corporation,China COSCO Shipping Corporation,RoRo,209.3,29.7,8.48,43868,23518,24862,35.0,1990,PORT_D,PORT_D,Cargo Operations,37.9467,23.6487,0.0,253
VSL-0506,ONE Hamburg,6057122,563988192,Singapore,Ocean Network Express,Ocean Network Express,Tanker,237.8,38.4,12.54,51936,86667,55498,0.5,2024,PORT_F,PORT_B,At Sea,39.3383,33.9719,14.4,326
VSL-0507,CMA CGM Edmonton,6245614,538174460,Marshall Islands,CMA CGM Group,CMA CGM Group,Bulk Carrier,196.8,31.1,12.93,39943,66509,44346,0.5,2024,PORT_E,PORT_F,At Sea,24.6983,41.3041,14.8,306
VSL-0508,MOL Endeavor,9448815,432841604,Japan,Mitsui O.S.K. Lines,Mitsui O.S.K. Lines,LNG Carrier,284.4,45.9,10.19,88493,42210,63351,17.5,2008,PORT_G,PORT_G,Waiting,24.9693,55.0433,0.0,26
VSL-0509,Maersk Unity,9831529,219910732,Denmark,A.P. Moller-Maersk,A.P. Moller-Maersk,Container,200.7,28.7,15.67,20400,23107,64787,0.5,2024,PORT_D,PORT_G,At Sea,22.9785,54.7647,18.9,139
VSL-0510,Ever Harmony,9164976,351169342,Panama,Evergreen Marine Corporation,Evergreen Marine Corporation,Tanker,284.1,47.9,18.26,63324,102620,25706,4.5,2020,PORT_B,PORT_D,At Sea,41.159,24.4709,15.5,36
VSL-0511,MSC Zenith,5372214,357556684,Panama,Mediterranean Shipping Company,Mediterranean Shipping Company,General Cargo,93.3,14.7,6.09,38578,54830,11618,8.4,2017,PORT_D,PORT_C,At Sea,41.9538,12.1725,12.7,340
VSL-0512,MOL Savannah,7843619,432244260,Japan,Mitsui O.S.K. Lines,Mitsui O.S.K. Lines,LNG Carrier,312.9,51.8,10.98,136440,64494,67498,2.3,2023,PORT_B,PORT_H,At Sea,-2.0881,99.5371,17.5,141
VSL-0513,Hapag-Lloyd Vanguard,1458412,218846019,Germany,Hapag-Lloyd AG,Hapag-Lloyd AG,LNG Carrier,341.5,58.5,10.54,103624,53016,67525,1.1,2024,PORT_B,PORT_B,Berthed,31.2548,32.2957,0.0,125
VSL-0514,ZIM Zenith,7732145,538493699,Marshall Islands,ZIM Integrated Shipping Services,ZIM Integrated Shipping Services,RoRo,180.2,25.7,8.22,30702,16878,25577,6.0,2019,PORT_B,PORT_G,At Sea,27.2354,61.3993,16.3,125
VSL-0515,ZIM Crown,3335107,428096149,Israel,ZIM Integrated Shipping Services,ZIM Integrated Shipping Services,Bulk Carrier,278.7,44.6,10.14,79508,124468,31299,5.4,2020,PORT_D,PORT_D,Approaching,38.3056,23.4496,8.2,128
VSL-0516,COSCO Shipping Santos,5118931,477065578,Hong Kong,China COSCO Shipping Corporation,China COSCO Shipping Corporation,Car Carrier,163.0,24.8,9.26,40914,18875,11104,9.3,2016,PORT_A,PORT_B,At Sea,20.6311,27.1587,16.4,341
VSL-0517,ONE Britannia,6212760,563250826,Singapore,Ocean Network Express,Ocean Network Express,Bulk Carrier,175.8,27.5,8.94,77685,113334,39297,1.7,2023,PORT_C,PORT_D,At Sea,35.5879,25.03,12.5,85
VSL-0518,ONE Crown,9893761,431974549,Japan,Ocean Network Express,Ocean Network Express,Bulk Carrier,228.0,38.2,11.33,72557,119969,47998,21.5,2004,PORT_A,PORT_D,At Sea,33.6421,27.9096,14.0,274
VSL-0519,Maersk Emerald,6920824,563230898,Singapore,A.P. Moller-Maersk,A.P. Moller-Maersk,Tanker,175.5,29.9,15.4,91287,151432,20705,0.5,2024,PORT_D,PORT_D,Approaching,38.7593,24.1146,8.2,133
VSL-0520,NYK Britannia,5724508,431000015,Japan,Nippon Yusen Kaisha,Nippon Yusen Kaisha,Bulk Carrier,170.4,28.3,9.07,51356,76042,44009,1.8,2023,PORT_B,PORT_B,At Sea,22.4451,33.3697,13.9,50
VSL-0521,Hapag-Lloyd Jacques Saadé,8444214,211998747,Germany,Hapag-Lloyd AG,Hapag-Lloyd AG,Tanker,312.0,49.5,16.12,23266,36238,43388,27.7,1997,PORT_B,PORT_C,At Sea,44.7219,5.1857,11.4,160
VSL-0522,ONE Endeavor,8482668,563362483,Singapore,Ocean Network Express,Ocean Network Express,Bulk Carrier,156.1,24.6,10.61,17231,25621,33968,0.5,2024,PORT_F,PORT_F,Departing,21.4932,39.1773,0.0,87
VSL-0523,MSC Yokohama,2104018,357648188,Panama,Mediterranean Shipping Company,Mediterranean Shipping Company,Car Carrier,150.0,22.1,8.08,39142,17361,25625,0.5,2024,PORT_E,PORT_E,At Sea,22.7768,23.4222,17.0,280
VSL-0524,NYK Endurance,4203624,432863144,Japan,Nippon Yusen Kaisha,Nippon Yusen Kaisha,Feeder,94.9,15.1,6.79,8703,9715,3646,11.5,2014,PORT_A,PORT_G,At Sea,29.8956,54.5116,10.9,191
VSL-0525,NYK Glory,7646449,431315388,Japan,Nippon Yusen Kaisha,Nippon Yusen Kaisha,RoRo,204.0,29.5,6.17,22921,12976,13039,9.0,2016,PORT_E,PORT_F,At Sea,27.6429,46.0935,16.3,312
VSL-0526,ONE Odyssey,9516325,563119787,Singapore,Ocean Network Express,Ocean Network Express,LNG Carrier,255.8,44.1,11.38,72627,34796,77473,0.5,2024,PORT_B,PORT_A,At Sea,33.7586,37.5679,17.8,101
VSL-0527,Maersk Busan,5617860,563023009,Singapore,A.P. Moller-Maersk,A.P. Moller-Maersk,Tanker,182.9,29.1,16.08,109948,169131,16764,4.2,2021,PORT_G,PORT_B,At Sea,35.1813,25.9098,13.1,268
VSL-0528,OOCL Pioneer,8941846,477368750,Hong Kong,Orient Overseas Container Line,Orient Overseas Container Line,Feeder,77.1,12.0,5.13,8139,10515,5919,2.5,2022,PORT_G,PORT_D,At Sea,37.3132,19.9874,13.2,258
VSL-0529,MOL Premier,7666085,431126003,Japan,Mitsui O.S.K. Lines,Mitsui O.S.K. Lines,Container,232.8,30.8,11.65,53769,64268,25683,2.4,2023,PORT_A,PORT_A,Approaching,31.468,30.8046,10.6,199
VSL-0530,COSCO Shipping Triumph,3455062,412691776,China,China COSCO Shipping Corporation,China COSCO Shipping Corporation,Bulk Carrier,241.1,37.2,12.91,79832,132457,25451,9.2,2016,PORT_C,PORT_D,At Sea,43.7341,13.3155,13.1,59
VSL-0531,NYK Amber,6033592,431015709,Japan,Nippon Yusen Kaisha,Nippon Yusen Kaisha,Container,377.2,51.3,10.03,72780,83387,43476,1.7,2023,PORT_F,PORT_B,At Sea,29.0244,42.0806,20.4,93
VSL-0532,MOL Pacific,4899710,355428596,Panama,Mitsui O.S.K. Lines,Mitsui O.S.K. Lines,Feeder,110.0,17.6,5.36,5318,6456,6651,4.1,2021,PORT_D,PORT_C,At Sea,48.6423,12.1262,13.0,158
VSL-0533,COSCO Shipping Discovery,6698067,412872617,China,China COSCO Shipping Corporation,China COSCO Shipping Corporation,Tanker,294.7,50.8,18.43,105702,182977,55074,0.9,2024,PORT_A,PORT_H,At Sea,2.0849,107.5037,14.1,287
VSL-0534,NYK Neptune,5082699,432826418,Japan,Nippon Yusen Kaisha,Nippon Yusen Kaisha,Feeder,110.7,17.3,5.56,4865,5599,5691,7.4,2018,PORT_G,PORT_F,At Sea,26.9352,41.8605,11.9,246
VSL-0535,MOL Voyager,3468239,355484002,Panama,Mitsui O.S.K. Lines,Mitsui O.S.K. Lines,Car Carrier,127.9,19.0,9.66,45526,19952,29162,13.2,2012,PORT_D,PORT_A,At Sea,32.4369,28.2663,16.5,222
VSL-0536,Maersk Felicity,9500168,219941491,Denmark,A.P. Moller-Maersk,A.P. Moller-Maersk,General Cargo,170.7,26.0,6.95,39945,51355,4751,31.2,1994,PORT_F,PORT_F,Approaching,21.1844,39.3799,8.1,100
VSL-0537,Yang Ming Crown,9462079,352662925,Panama,Yang Ming Marine Transport Corp,Yang Ming Marine Transport Corp,LNG Carrier,340.2,57.5,11.28,113888,54850,52011,3.7,2021,PORT_B,PORT_H,At Sea,5.5414,95.635,20.2,196
VSL-0538,Ever Pioneer,3373123,353523561,Panama,Evergreen Marine Corporation,Evergreen Marine Corporation,Feeder,128.7,19.5,5.7,14122,18130,1467,12.0,2013,PORT_B,PORT_H,At Sea,2.5232,102.1423,12.1,52
VSL-0539,ONE Constellation,3371840,432490295,Japan,Ocean Network Express,Ocean Network Express,Container,215.9,31.4,12.28,41887,46765,42251,14.0,2011,PORT_G,PORT_E,At Sea,36.9713,31.3543,17.2,48
VSL-0540,Maersk Pearl,1348629,220797363,Denmark,A.P. Moller-Maersk,A.P. Moller-Maersk,Tanker,208.4,34.4,9.58,59559,98810,45692,14.3,2011,PORT_D,PORT_D,Approaching,38.7214,22.5367,8.7,163
VSL-0541,PIL Apex,1770676,563682050,Singapore,Pacific International Lines,Pacific International Lines,Bulk Carrier,200.8,33.0,11.43,53219,83078,39551,5.4,2020,PORT_C,PORT_B,At Sea,35.3533,39.851,15.2,114
VSL-0542,Hapag-Lloyd Neptune,1821920,218967908,Germany,Hapag-Lloyd AG,Hapag-Lloyd AG,General Cargo,112.8,16.5,5.8,39725,52213,13181,8.6,2016,PORT_E,PORT_D,At Sea,33.06,19.6562,12.4,8
VSL-0543,NYK Pacific,1457884,432071523,Japan,Nippon Yusen Kaisha,Nippon Yusen Kaisha,Feeder,68.9,11.1,6.76,13061,14996,6588,24.2,2001,PORT_G,PORT_G,Anchored,25.0048,55.0578,0.0,276
VSL-0544,OOCL Sapphire,6829965,311722589,Bahamas,Orient Overseas Container Line,Orient Overseas Container Line,RoRo,178.8,27.5,6.1,30776,15745,14047,12.1,2013,PORT_A,PORT_F,At Sea,30.3056,39.2163,16.9,329
VSL-0545,Yang Ming Neptune,6124822,416442867,Taiwan,Yang Ming Marine Transport Corp,Yang Ming Marine Transport Corp,Container,317.5,45.8,11.42,25187,28318,34927,0.5,2024,PORT_D,PORT_C,At Sea,46.6135,3.8578,17.6,324
VSL-0546,Maersk Premier,2415285,564725629,Singapore,A.P. Moller-Maersk,A.P. Moller-Maersk,Feeder,107.8,16.6,6.22,13007,16709,6526,14.2,2011,PORT_D,PORT_D,At Sea,33.7091,20.2313,12.9,351
VSL-0547,MSC Pacific,7443031,637918911,Liberia,Mediterranean Shipping Company,Mediterranean Shipping Company,Bulk Carrier,183.5,29.2,13.95,57880,96197,32397,4.0,2021,PORT_H,PORT_H,Waiting,1.2565,103.8199,0.0,170
VSL-0548,ONE Antwerp,3132593,563678136,Singapore,Ocean Network Express,Ocean Network Express,General Cargo,106.9,16.2,5.19,34349,46027,6152,2.9,2022,PORT_F,PORT_A,At Sea,29.6322,28.4334,13.5,329
VSL-0549,ZIM Amber,6225860,538059867,Marshall Islands,ZIM Integrated Shipping Services,ZIM Integrated Shipping Services,Car Carrier,142.7,21.4,9.54,15311,6922,29408,1.6,2023,PORT_E,PORT_E,At Sea,36.8344,40.6611,16.8,172
VSL-0550,OOCL Discovery,8249119,477502000,Hong Kong,Orient Overseas Container Line,Orient Overseas Container Line,Tanker,327.1,54.1,18.82,43724,70571,43447,10.6,2014,PORT_E,PORT_F,At Sea,14.3029,34.848,14.0,121
VSL-0551,ONE Falcon,8368214,432448896,Japan,Ocean Network Express,Ocean Network Express,Container,373.0,49.6,15.3,102707,108769,60366,16.2,2009,PORT_H,PORT_C,At Sea,48.5342,3.2791,17.2,113
VSL-0552,NYK Phoenix,4318326,431231239,Japan,Nippon Yusen Kaisha,Nippon Yusen Kaisha,Bulk Carrier,284.8,47.1,12.73,76145,111033,21706,4.3,2021,PORT_A,PORT_E,At Sea,37.6512,35.5346,13.7,266
VSL-0553,Hapag-Lloyd Star,5291874,218831608,Germany,Hapag-Lloyd AG,Hapag-Lloyd AG,Container,237.7,31.9,10.96,91754,105039,44232,0.5,2024,PORT_H,PORT_H,Approaching,0.4028,102.7,9.8,89
VSL-0554,MSC Victory,2299930,356621659,Panama,Mediterranean Shipping Company,Mediterranean Shipping Company,Container,331.2,46.7,11.19,98721,122005,56958,20.8,2004,PORT_E,PORT_D,At Sea,42.5981,29.5581,18.1,186
VSL-0555,COSCO Shipping Glory,4497914,477799702,Hong Kong,China COSCO Shipping Corporation,China COSCO Shipping Corporation,RoRo,129.3,18.6,8.31,41097,22306,12470,6.5,2018,PORT_H,PORT_B,At Sea,29.4935,35.4608,15.3,341
VSL-0556,Hapag-Lloyd Rotterdam,8320042,218978889,Germany,Hapag-Lloyd AG,Hapag-Lloyd AG,Cruise,275.0,38.1,8.58,109678,31992,40063,5.4,2020,PORT_D,PORT_F,At Sea,16.0727,45.9537,20.9,31
VSL-0557,Hapag-Lloyd Hamburg,9951719,218239102,Germany,Hapag-Lloyd AG,Hapag-Lloyd AG,Car Carrier,193.8,30.8,9.58,42917,18498,11010,0.5,2024,PORT_C,PORT_F,At Sea,28.7122,43.9225,18.2,101
VSL-0558,Maersk Legacy,1767203,219911166,Denmark,A.P. Moller-Maersk,A.P. Moller-Maersk,Tanker,271.1,42.9,17.08,35742,58178,42543,1.7,2023,PORT_C,PORT_A,At Sea,30.6317,26.7611,12.4,338
VSL-0559,Hapag-Lloyd Premier,8027482,211242114,Germany,Hapag-Lloyd AG,Hapag-Lloyd AG,RoRo,163.5,23.4,7.75,17200,9148,28360,11.0,2014,PORT_G,PORT_C,At Sea,51.553,0.2784,16.2,295
VSL-0560,NYK Hamburg,3995294,432013712,Japan,Nippon Yusen Kaisha,Nippon Yusen Kaisha,General Cargo,178.2,27.7,5.75,15034,20947,4932,14.7,2010,PORT_G,PORT_F,At Sea,14.2244,37.332,11.3,66
VSL-0561,MSC Phoenix,7166906,354322481,Panama,Mediterranean Shipping Company,Mediterranean Shipping Company,Container,185.9,27.1,15.65,108810,133744,59369,0.5,2024,PORT_E,PORT_C,At Sea,40.2956,-0.4882,19.1,328
VSL-0562,MOL Britannia,5649150,354955462,Panama,Mitsui O.S.K. Lines,Mitsui O.S.K. Lines,Container,334.3,45.8,15.2,23238,28456,24815,0.5,2024,PORT_E,PORT_E,Berthed,29.9696,32.5421,0.0,128
VSL-0563,MOL Zenith,1764172,431680808,Japan,Mitsui O.S.K. Lines,Mitsui O.S.K. Lines,Tanker,160.5,25.7,9.49,23464,36902,20332,12.2,2013,PORT_F,PORT_H,At Sea,-1.2767,102.1583,14.0,175
VSL-0564,Yang Ming Endurance,6213001,416258857,Taiwan,Yang Ming Marine Transport Corp,Yang Ming Marine Transport Corp,RoRo,155.6,22.8,6.78,9570,5035,17965,2.3,2023,PORT_G,PORT_E,At Sea,31.9307,39.2299,15.6,287
VSL-0565,Hapag-Lloyd Antwerp,1591836,211700046,Germany,Hapag-Lloyd AG,Hapag-Lloyd AG,Container,223.8,32.1,14.03,107216,131573,31617,4.1,2021,PORT_B,PORT_E,At Sea,21.8273,24.2171,18.2,59
VSL-0566,OOCL Istanbul,3152048,311980949,Bahamas,Orient Overseas Container Line,Orient Overseas Container Line,Container,309.5,43.7,14.0,32432,37807,34111,0.5,2024,PORT_G,PORT_H,At Sea,-3.7246,97.125,18.0,101
VSL-0567,Yang Ming Falcon,3325621,352899499,Panama,Yang Ming Marine Transport Corp,Yang Ming Marine Transport Corp,Tanker,234.6,37.5,10.32,56141,98681,42134,11.1,2014,PORT_H,PORT_H,Waiting,1.3207,103.8067,0.0,135
VSL-0568,CMA CGM Felicity,4181357,228998989,France,CMA CGM Group,CMA CGM Group,Container,274.8,38.2,15.93,86032,103999,23262,5.0,2020,PORT_C,PORT_B,At Sea,28.5959,33.2694,19.7,257
VSL-0569,Yang Ming Jade,7082007,353806757,Panama,Yang Ming Marine Transport Corp,Yang Ming Marine Transport Corp,General Cargo,176.5,28.4,9.64,22787,32869,15229,15.3,2010,PORT_C,PORT_D,At Sea,42.9321,26.5977,12.8,304
VSL-0570,CMA CGM Atlantic,8827698,538040953,Marshall Islands,CMA CGM Group,CMA CGM Group,Bulk Carrier,264.7,44.0,12.01,94402,140948,30435,5.5,2020,PORT_E,PORT_B,At Sea,22.4801,36.8767,13.7,282
VSL-0571,Yang Ming Poseidon,2409640,357966834,Panama,Yang Ming Marine Transport Corp,Yang Ming Marine Transport Corp,General Cargo,97.7,14.8,6.42,36281,48018,13363,6.5,2018,PORT_G,PORT_G,Berthed,25.0005,55.0591,0.0,159
VSL-0572,Ever Sapphire,7893482,355839062,Panama,Evergreen Marine Corporation,Evergreen Marine Corporation,Container,277.7,40.2,10.92,53801,62663,40524,1.4,2024,PORT_G,PORT_G,Departing,25.0096,55.0698,0.0,269
VSL-0573,ONE Felicity,3613377,432052304,Japan,Ocean Network Express,Ocean Network Express,Tanker,257.9,41.8,13.67,75337,130863,17853,2.9,2022,PORT_B,PORT_G,At Sea,27.5768,50.395,14.2,11
VSL-0574,PIL Leo,4409668,563771824,Singapore,Pacific International Lines,Pacific International Lines,Cruise,257.7,34.8,9.87,145066,43025,57301,2.4,2023,PORT_A,PORT_A,At Sea,20.8439,32.4597,20.5,40
VSL-0575,OOCL Felicity,9698745,477941559,Hong Kong,Orient Overseas Container Line,Orient Overseas Container Line,Tanker,230.3,37.2,18.33,27621,44805,25191,3.2,2022,PORT_F,PORT_A,At Sea,28.8531,27.8848,13.8,306
VSL-0576,MSC Vanguard,3653626,636894559,Liberia,Mediterranean Shipping Company,Mediterranean Shipping Company,General Cargo,85.9,13.1,8.44,21721,30237,8419,9.6,2015,PORT_H,PORT_A,At Sea,29.1316,28.531,12.2,69
VSL-0577,MOL Endurance,6577586,351974533,Panama,Mitsui O.S.K. Lines,Mitsui O.S.K. Lines,Bulk Carrier,295.7,48.6,9.5,18991,28372,46820,35.0,1990,PORT_A,PORT_G,At Sea,27.0711,52.4719,12.3,189
VSL-0578,Maersk Meridian,9953004,564221224,Singapore,A.P. Moller-Maersk,A.P. Moller-Maersk,Bulk Carrier,210.7,33.4,10.29,26118,39117,35341,11.8,2013,PORT_H,PORT_G,At Sea,13.4741,56.6379,13.2,68
VSL-0579,MSC Istanbul,1798678,356782312,Panama,Mediterranean Shipping Company,Mediterranean Shipping Company,RoRo,173.6,24.5,7.56,11835,6376,11891,9.9,2015,PORT_F,PORT_H,At Sea,10.3222,97.0476,15.0,139
VSL-0580,Ever Vanguard,5365962,538785254,Marshall Islands,Evergreen Marine Corporation,Evergreen Marine Corporation,Tanker,329.0,52.5,13.49,42207,72209,22384,13.4,2012,PORT_C,PORT_C,Berthed,44.4062,8.9225,0.0,285
VSL-0581,Maersk Voyager,3274896,220917763,Denmark,A.P. Moller-Maersk,A.P. Moller-Maersk,General Cargo,103.3,15.5,6.62,13862,17311,14953,31.3,1994,PORT_E,PORT_C,At Sea,51.175,10.2516,12.9,194
VSL-0582,ZIM Savannah,4935344,428018167,Israel,ZIM Integrated Shipping Services,ZIM Integrated Shipping Services,General Cargo,162.0,25.7,9.49,17377,21835,3189,6.3,2019,PORT_E,PORT_B,At Sea,25.3815,40.9103,11.9,88
VSL-0583,MSC Hamburg,3912876,637869996,Liberia,Mediterranean Shipping Company,Mediterranean Shipping Company,Bulk Carrier,188.2,30.5,12.02,45554,74218,20475,0.5,2024,PORT_C,PORT_C,Departing,44.4177,8.9353,0.0,306
VSL-0584,CMA CGM Legacy,9728332,228121870,France,CMA CGM Group,CMA CGM Group,Container,398.5,54.1,11.89,77877,88834,28376,5.2,2020,PORT_C,PORT_D,At Sea,26.174,22.3724,17.5,295
VSL-0585,ZIM Constellation,6610089,538610814,Marshall Islands,ZIM Integrated Shipping Services,ZIM Integrated Shipping Services,Tanker,196.1,31.6,10.6,22119,33589,20263,1.6,2023,PORT_G,PORT_B,At Sea,35.502,29.8722,13.9,120
VSL-0586,MOL Busan,3546952,431003076,Japan,Mitsui O.S.K. Lines,Mitsui O.S.K. Lines,Cruise,246.3,33.7,7.96,74155,23265,77453,7.1,2018,PORT_A,PORT_A,Waiting,31.187,29.9516,0.0,168
VSL-0587,Maersk Pioneer,6541135,220078516,Denmark,A.P. Moller-Maersk,A.P. Moller-Maersk,Feeder,101.2,16.0,5.31,2968,3831,1136,9.3,2016,PORT_E,PORT_H,At Sea,-0.5232,102.2479,10.9,99
VSL-0588,ZIM Britannia,7879151,428596257,Israel,ZIM Integrated Shipping Services,ZIM Integrated Shipping Services,Bulk Carrier,232.2,37.9,9.77,26970,39525,31371,6.7,2018,PORT_H,PORT_G,At Sea,23.1602,53.8079,14.8,64
VSL-0589,Maersk Eagle,7412745,564921188,Singapore,A.P. Moller-Maersk,A.P. Moller-Maersk,Container,199.1,28.9,12.59,90154,104042,69436,4.8,2020,PORT_B,PORT_G,At Sea,14.5269,59.5385,18.1,244
VSL-0590,Ever Spirit,8545707,353682092,Panama,Evergreen Marine Corporation,Evergreen Marine Corporation,Bulk Carrier,238.1,37.5,10.7,83948,134937,45265,19.6,2005,PORT_F,PORT_H,At Sea,-1.2535,93.8638,13.9,9
VSL-0591,ONE Rotterdam,3017884,563473126,Singapore,Ocean Network Express,Ocean Network Express,Feeder,63.5,9.9,5.9,4854,5408,5928,3.4,2022,PORT_F,PORT_A,At Sea,37.5531,32.3855,11.1,357
VSL-0592,ONE Atlas,1053705,563300716,Singapore,Ocean Network Express,Ocean Network Express,RoRo,107.1,15.7,6.46,21756,12554,8022,1.6,2023,PORT_A,PORT_A,At Sea,30.733,41.4804,17.0,358
VSL-0593,COSCO Shipping Zenith,2944717,477198273,Hong Kong,China COSCO Shipping Corporation,China COSCO Shipping Corporation,LNG Carrier,312.1,53.1,11.75,110180,52684,62490,9.9,2015,PORT_B,PORT_D,At Sea,36.2407,12.7549,19.4,23
VSL-0594,ZIM Busan,5268061,428860673,Israel,ZIM Integrated Shipping Services,ZIM Integrated Shipping Services,Container,350.4,50.6,13.98,60328,66195,54860,0.6,2024,PORT_D,PORT_E,At Sea,39.8691,27.9637,18.3,257
VSL-0595,Ever Meridian,8055075,357740657,Panama,Evergreen Marine Corporation,Evergreen Marine Corporation,Container,246.8,35.7,11.06,100020,123655,40366,31.9,1993,PORT_F,PORT_B,At Sea,26.7573,35.7,17.2,4
VSL-0596,Ever Shanghai,6022062,538354120,Marshall Islands,Evergreen Marine Corporation,Evergreen Marine Corporation,General Cargo,134.1,21.0,6.67,31798,44511,4607,5.4,2020,PORT_C,PORT_C,Anchored,44.3782,8.9701,0.0,289
VSL-0597,ONE Legacy,5947954,431740717,Japan,Ocean Network Express,Ocean Network Express,Bulk Carrier,294.3,45.3,8.06,88094,132602,40381,9.6,2015,PORT_C,PORT_H,At Sea,8.8579,106.2836,14.3,181
VSL-0598,MOL Rotterdam,3910452,431036089,Japan,Mitsui O.S.K. Lines,Mitsui O.S.K. Lines,RoRo,170.8,24.0,7.46,9037,4580,13073,11.1,2014,PORT_E,PORT_B,At Sea,30.4212,34.8875,15.3,113
VSL-0599,PIL Glory,9680188,564774037,Singapore,Pacific International Lines,Pacific International Lines,VLCC,326.9,57.8,20.46,151352,254001,117590,3.6,2021,PORT_C,PORT_D,At Sea,30.1448,19.9554,12.6,147
VSL-0600,ONE Istanbul,2501735,432542624,Japan,Ocean Network Express,Ocean Network Express,Bulk Carrier,254.8,40.9,13.92,88260,142467,10820,4.0,2021,PORT_E,PORT_C,At Sea,38.9755,3.3054,13.2,76
